index,Perfume
264,Defy
266,Aqua Universalis Cologne Forte
442,So Essential
502,Haute Voltige
503,Aire Sensual
504,Darcy
523,CK Free
555,Joy by Dior
608,Kirke
619,Selfie
821,Good Fortune
873,Decibel
984,Made to Measure
990,Casafutura
1041,Champion
1079,Lanvin Me
1095,Un Soir A Paris
1116,Phantom
1195,Comme une Evidence
1262,Azalee
1263,Amethyst Eclat
1320,Roses on Ice
1402,Wind Flowers
1418,Red Jeans
1477,Dolce
1528,Red Wood
1600,Hamdani
1710,Her Secret Night
1715,Match Point
1787,CH Men Sport
1890,Halloween Magic
2032,Urban Hero
2083,Sunrise Women
2116,In The Mood For Love Tender
2142,Wanted Tonic
2161,Explorer Ultra Blue
2291,Ganymede Extrait
2430,Kenzo Homme Sport
2438,Honey
2445,Lady Million
2458,La Tosca
2503,Oud Intense
2529,Mercedes Benz Club
2584,Omnia Pink Sapphire
2585,Eden
2596,Spring Flower
2597,Aventus for Her
2601,Love Mimosa
2603,Santal Royal
2714,Touch for Women
2718,Bad Boy
2726,Love in Black
2736,Lineage
2739,Eau de Neroli Dore
2746,La Vie Est Belle
2747,Tresor
2748,Tumultu
2761,Kouros
2783,Challenge
2883,Blossom Love
2916,Yellow Diamond
2936,Eau de Lacoste
2960,Sunrise Men
3039,Fleurs de Gardenia
3041,The Game
3047,Myths Woman
3048,Beach Hut Woman
3069,Andromeda
3075,Versace Pour Femme Dylan Turquoise
3192,Gabrielle
3402,Green Tea Mimosa
3425,Toy 2 Bubble Gum
3432,Rose Prick
3455,Touch of Pink
3491,Mercedes Benz Man
3554,Wish
3557,Love in White
3563,Arden Beauty
3579,Gaultier Divine
3596,Aura Mugler
3605,Kalan
3632,1804
3675,Wood for Her
3682,Silver Scent
3780,Endless Euphoria
3814,Apex
3888,Jaguar Classic
3960,Burberry Her London Dream
4011,Bitter Peach
4015,Riflesso Blue Vibe
4016,Voce Viva
4081,Guess Girl
4150,G
4181,En Route
4234,Boss The Scent
4243,Soleil
4254,Black XS Los Angeles for Her
4261,Signorina In Fiore
4268,Trussardi Uomo The Red
4342,Mercedes Benz Man Intense
4343,Mercedes-Benz Woman
4354,Marry Me
4418,Weekend for Men
4419,Weekend for Women
4420,Bvlgari Man Glacial Essence
4427,Beauty
4439,Emporio Remix for Him
4440,Emporio Armani In Love With You
4456,724
4461,Alien Man
4463,La Tentation de Nina
4467,Invictus
4476,Bright Crystal
4493,Ginza
4536,Spirit Of The Brave Intense
4627,Amor Amor
4633,Obsession Night for Men
4639,Hot Water
4644,Beautiful
4653,Armani Code Ice
4667,Onde Sensuelle
4675,Lady Emblem
4683,Lady Million Prive
4695,Versace Pour Femme Dylan Blue
4896,Carmina
4906,My Way
4909,Purpose
4913,Gucci Bloom
4915,Boss Ma Vie Pour Femme
4954,Gran Ballo
5003,Private Affairs
5122,Believe
5132,Eternity Moment
5162,Kenzo Homme Eau de Toilette
5175,Byerley
5176,Sedbury
5191,Regio
5217,Angel Schlesser Homme
5401,My Burberry
5404,Sheer Beauty
5430,Live Irresistible
5434,Gucci Rush
5456,Legend Red
5462,Ispazon
5463,Prada Candy
5468,Ecstasy
5473,Yellow Diamond Intense
5476,Mon Paris
5525,Driven
5587,Rumeur
5604,Elise
5680,Goldea
5681,Blue Moon Ginger Dash
5696,Modern Muse
5697,Archives 69
5708,Hugo XY
5716,Batucada
5758,Arethusa
5761,Sound of Donna
5786,Her Secret Desire
5801,Pure Lavender
5957,Eternity for Men
6031,Athalia
6041,Uomo Trussardi 2011
6064,Wonderlust
6073,Scuderia Ferrari Black
6202,In The Mood For Love Pure
6241,Hidden Fantasy
6244,The Beat for Men
6257,Joy by Dior Intense
6265,Modern Muse Chic
6272,Si Passione
6277,Gucci Premiere
6296,Amethyst Exquise
6300,Solo Loewe Origami
6307,Daisy
6314,Mademoiselle Ricci
6321,Valaya
6418,Karl Lagerfeld for Her
6486,Urban Woman
6490,Fresh Essence
6512,Wanted
6552,Ashore
6553,Search
6573,Hypnose Senses
6629,White Patchouli
6630,Trussardi Eau de Parfum
6631,Valentina Blush
6837,CK One
6853,Green Tea
6858,Pleasures
6868,Crimson Rocks
6870,Dahlia Divin
6879,Boss The Scent For Her
6881,Kokorico by Night
6889,Rappelle Toi
6908,Explorer Platinum
6932,Signorina Ribelle
6935,Blue Jeans
6937,Erba Pura
6997,Wood for Him
7120,Bvlgari Man Terrae Essence
7136,Light Blue Forever
7163,Couture Couture
7172,Tresor In Love
7180,Daisy Dream
7197,Prada La Femme Intense
7204,Signorina
7258,Icon Racing Blue
7265,Momentum
7270,Pop Collection
7363,Rouge Assassin
7430,Aqva Divina
7431,Goldea The Roman Night Absolute
7478,Hugo Dark Blue
7489,Satine
7503,Decadence Eau So Decadent
7518,Nina
7528,Fame
7582,Her Golden Secret
7584,Queen of Seduction
7636,Jaguar Pace
7650,Musc Intense
7711,Ferre Rose
7750,Chrome United
7775,Horizon Extreme
7780,5th Avenue
7810,Hugo XX
7812,Scandal
7844,Olympea
7846,Cassili
7848,Prada Paradoxe
7849,Polo
7865,Trussardi Black Extreme
7904,Red Power
7935,Only The Brave Extreme
8047,Girl of Now Forever
8065,Tag-Him
8078,Silver Black
8083,Aqva Pour Homme Marine Toniq
8084,Goldea The Roman Night
8091,Obsession for Men
8093,Happy Spirit
8110,My Way Parfum
8116,Envy Me
8136,Mon Parfum Gold
8137,Baccarat Rouge 540
8167,Signorina Misteriosa
8177,Man Uomo
8252,Guess for Women
8258,Jaguar for Men
8295,Rumeur 2 Rose
8312,Passenger for Women
8393,Noa
8394,CK Be
8431,La Petite Robe Noire Couture
8436,Hugo Just Different
8450,Amethyst
8468,Legend Pour Femme
8481,Shagya
8485,Polo Red
8489,Paradiso Azzurro
8495,White Fire
8611,Fig Tea
8663,Kajal Eau de Parfum
8667,Halloween Blue Drop
8719,Love Story
8743,Gentleman 2017
8749,Boss Bottled Night
8799,Lippizan
8812,XIX March
8893,Only The Brave
8901,Guess Dare
8910,Silver Scent Intense
9024,Delicate Essence
9050,Hero
9081,Material
9083,Amarige
9108,Bello Rabelo
9140,Invictus Aqua 2018
9142,Perseus
9220,Secret Mission
9397,Azzaro Pour Homme
9403,Burberry Her
9433,My Way Intense
9437,Guidance
9456,Boss Woman
9493,Emblem
9507,Pure XS
9518,Signorina Eleganza
9524,Bright Crystal Absolu
9603,Guess Gold
9605,Madame Gres
9710,Exotic Essence
9755,My Burberry Blush
9763,Good Girl
9768,Viking Cologne
9770,Adventure
9771,Dior Addict Eau Sensuelle
9772,The One Gentleman
9777,The Library Collection Opus VIII
9794,Oud for Happiness
9810,Santal Kardamon
9825,Aqua Vitae Forte
9830,Nudiflorum
9837,Premier Jour
9852,Elysium Pour Homme Eau Intense
9857,Spirito Fiorentino
9859,Black Orchid
9863,Voce Viva Intensa
9868,Laylati
9938,Fuel for Life Homme
9981,Platinum Rush
10013,Icon Gold
10043,Touche Finale
10151,Gucci Bloom Ambrosia di Fiori
10217,Viride
10218,Oriana
10221,Midnight Romance
10233,Cas
10278,Knot Eau Florale
10293,Desire Extreme
10294,Dunhill Icon Absolute
10313,DKNY Be Delicious Fresh Blossom
10321,Jaguar Classic Red
10330,Lagerfeld Classic
10399,Lady Korloff Intense
10437,Uomo Salvatore Ferragamo Casual Life
10447,Chrome
10453,Fantasy
10472,Nomade
10483,Poison Girl
10484,Dolce Garden
10489,Sensuous
10506,Boss Orange for men
10519,Lolita Lempicka Au Masculin Fraicheur
10531,Femme Individuelle
10552,Prada La Femme
10579,Black Opium
10581,Libre
10658,Loverdose Tattoo
10820,Rose Goldea
10825,Escape for men
10830,Good Girl Midnight
10832,La Panthere
10851,Poison
10854,The Only One
10887,Jimmy Choo Fever
10900,Miracle
10946,Valentina Oud Assoluto
10948,Versace Pour Femme
10978,Fan di Fendi Pour Homme Acqua
11166,Club De Nuit Sillage
11177,Chrome Eau de Parfum
11188,Splendida Patchouli Tentation
11189,Splendida Tubereuse Mystique
11201,Chloe Eau de Parfum
11204,Viking
11210,Poison Girl Unexpected
11212,White Tea
11234,Organza
11240,Hugo Man
11275,For Her Narciso Rodriguez Fleur Musc Eau De Toilette Florale
11304,Foconero
11306,Neroli Portofino
11316,Black Opium Intense
11335,Nautica Voyage
11349,Eau De Lacoste Sensuelle
11353,Vince Camuto for Men
11373,Pure
11532,Midnight Fantasy
11535,Omnia Coral
11558,The Brilliant Game
11574,Lilac Love
11575,The Library Collection Opus IX
11584,Mon Guerlain Bloom of Rose Eau de Parfum
11588,Scandal Gold
11596,Tresor Midnight Rose
11603,Marfa
11604,Fleur Musc for Her
11620,Paradiso
11621,Paradiso Assoluto
11629,Uomo Salvatore Ferragamo Urban Feel
11645,Bonbon
11764,Flash Back
11890,Eau de Cartier
11901,Royal Princess Oud
11917,Silver Musk
11919,Gentlemen Only
11929,Boss The Scent Intense
11939,Viva la Juicy
11962,Siwa
11963,Intense Cafe
11981,Boccanera
11984,Polo Sport
11986,F by Ferragamo Free Time
11991,Velvet Orchid Lumiere
12006,03 Nuit
12019,Drakkar Noir
12031,Seduction in Black
12066,Franck Green
12098,Russian Leather
12170,Dahab
12251,Truth for Men
12289,Mon Guerlain Eau de Toilette
12292,Boss Number One
12294,Hugo Energise
12315,Emblem Absolu
12328,Paco Rabanne Pour Homme
12355,Black Opium Floral Shock
12393,Custom
12428,Jaguar Classic Gold
12446,Autoportrait
12486,Passenger for Men
12564,Euphoria Intense
12594,Gucci Guilty Absolute pour Femme
12631,Megamare
12643,Grey Vetiver Parfum
12647,Versace Pour Femme Dylan Purple
12651,Accento Overdose
12816,Touch for Men
12818,Bvlgari Man
12819,Splendida Jasmin Noir
12828,Very Good Girl
12872,Deep Red
12887,Lalique le Parfum
12912,Individuel
12919,Narciso Rodriguez For Him Bleu Noir Eau De Toilette Extreme
12953,My Land
13004,1881 Men
13024,Lacoste Pour Homme
13047,Icon Elite
13048,Icon Racing
13077,Green Wood
13299,Club de Nuit Milestone
13313,Omnia Crystalline
13339,Escada Magnetism
13365,Le Male
13398,Hacivat X
13406,Delina
13412,Gemma di Paradiso
13413,Roberto Cavalli Eau de Parfum
13418,Maremma
13423,Versense
13446,1969 Parfum de Revolte
13467,Dunhill Fresh
13478,Cyber Garden
13485,Night Touch
13509,Woody Mood
13525,Tabac Original
13559,Girl of Now Shine
13581,My Burberry Black
13595,La Panthere Legere
13598,Sublime Vanille
13604,Miss Dior Absolutely Blooming
13613,My Way Floral
13619,Portrayal Man
13620,The Library Collection Opus IV
13622,Gucci by Gucci Pour Homme
13662,Perfect
13668,Narciso Rouge
13682,Cuoium
13711,Black Opium Extreme
13777,Momentum Unlimited
13815,Artisan Blu
13972,Fahrenheit
13974,Devotion
13979,Emporio Armani Stronger With You Only
13983,Gentlemen Only Casual Chic
13994,I Want Choo
14005,Agua Miami Beach
14012,Roses Vanille
14035,Stercus
14047,F by Ferragamo Black
14050,Velvet Orchid
14102,Lacoste Pour Femme
14134,So Nude Eau de Toilette
14147,Loverdose Red Kiss
14228,Pure eVe
14286,Passion for men
14287,Girl of Now
14328,BLV Pour Homme
14330,Omnia Crystalline Eau de Parfum
14337,Declaration
14341,Himalaya
14350,Pure Poison
14352,Sauvage Parfum
14358,Acqua Di Gio Absolu
14366,Givenchy Pour Homme
14367,Insense Ultramarine
14423,Meliora
14434,F by Ferragamo Pour Homme
14440,Khol de Bahrein
14444,Ursa
14449,Violet Blonde
14629,Mine Pour Homme
14715,Baiser Vole
14725,Dolce Vita
14726,Higher Energy
14766,Solo Loewe Cedro
14777,Toy Boy
14801,Brutus
14826,Bombshell
14952,Mercedes-Benz Select
15025,1872 for Women
15087,Emporio Armani Diamonds for Men
15096,Mon Guerlain
15101,Eau des Merveilles
15103,Jimmy Choo Man Intense
15116,Solo Loewe Ella
15126,Crazy For Oud
15127,Daisy Eau So Fresh
15133,Musc Noir For Her
15145,Sultan Vetiver
15158,Galloway
15160,Prada Candy Kiss
15161,Polo Cologne Intense Eau de Parfum
15179,Valentina Assoluto
15180,Valentino Donna
15297,Still Life
15353,Kajal Homme II
15363,Halloween Man
15406,Aqva Pour Homme Marine
15439,Portrait of a Lady
15457,Terracotta Le Parfum
15478,La Nuit Tresor
15490,Marc Jacobs Men
15492,Pure Musc For Her
15508,Polo Blue
15515,Acqua Essenziale
15523,Delox
15524,Laudano Nero
15579,Vince Camuto
15598,Infinite Rush
15616,He Wood
15773,Blue Homme
15792,Chance Eau Fraiche
15809,Portrayal Woman
15819,Boss Bottled
15821,Boss Bottled Oud
15823,Hugo Reversed
15845,Red Tobacco
15846,Italian Leather
15851,Narciso Poudree
15872,Just Cavalli Gold for Her
15975,Black Touch
16045,Perle Rare Nuit
16089,Le Parfum in White
16125,Miss Dior Blooming Bouquet
16127,Hypnotic Poison
16139,The Library Collection Opus V
16141,Gentleman Society
16163,Viva La Juicy Noir
16165,Lalique White
16222,Black Orchid Parfum
16227,Cherry Smoke
16273,Arabian Desert
16278,Oud Save The Queen
16304,Bogart pour homme
16469,Gucci Guilty Absolute
16495,Legend Spirit
16497,Angel Muse
16499,Narciso Rodriguez for Him Bleu Noir
16544,Very Sexy Orchid
16600,Bentley for Men
16601,Momentum Intense
16647,Mercedes Benz Intense
16648,The Move
16797,Apple Brandy on the Rocks
16892,Pegasus
16903,Amo Ferragamo
16920,Cuir Vetiver
16967,Tango
16968,British Leather
17002,Bois de Vetiver
17138,Bvlgari Man Wood Neroli
17143,Declaration Parfum
17144,Chance Eau Tendre
17146,Coco Noir
17167,Acqua di Parma Blu Mediterraneo Mandorlo di Sicilia
17169,Enclave
17180,Kenzo Amour
17198,Signature
17220,Nisean
17221,Delina Exclusif
17245,Valentino Uomo Acqua
17275,In Red EDP
17317,Rebelle
17392,Mauboussin Elixir Pour Elle
17440,Lune Feline
17473,Light Blue Eau Intense
17480,Meander
17487,Insolence Eau de Parfum
17495,Jimmy Choo Man Ice
17506,Loewe 7
17513,Cedrat Boise
17532,1 Million Golden Oud
17534,Darley
17538,Luna Rossa
17543,Roberto Cavalli Uomo
17549,Acqua Essenziale Blu
17555,Orion
17558,Lost Cherry
17566,Dama Bianca
17568,Fiero
17573,Y Eau de Parfum Intense
17734,Tres Nuit
17750,Good Girl Legere
17769,Light Blue Eau Intense Pour Homme
17822,Invictus Aqua
17951,Rococo
18040,Azzaro Pour Homme Cologne Intense
18048,Aqva Pour Homme
18089,La Belle
18150,Uomo Salvatore Ferragamo
18163,Versace Pour Homme Dylan Blue
18224,41 Burlington Arcade
18398,Armani Code Satin
18428,Legend Night
18431,Musc Noir Rose For Her
18445,Polo Deep Blue Parfum
18452,Bianco di Carrara
18458,Mandarino di Amalfi Acqua
18460,Ambre Imperial
18469,Bouquet Ideale
18632,Visit for Men
18640,Bvlgari Pour Homme
18675,Boundless
18676,Love Tuberose
18677,The Library Collection Opus XI
18710,Starwalker
18742,Soleil de Jeddah
18873,Psychedelique
18920,Silver Mountain Water
18924,Eau Sauvage Extreme
18962,Encre Noire
18981,Kredo
18991,Godolphin
19110,Altamir
19157,Club de Nuit Untold
19177,Absolu Aventus
19207,Scandal Le Parfum
19215,Encre Noire Sport
19242,Invictus Platinum
19261,Splendid Wood
19304,Bentley For Men Black Edition
19469,Emporio Armani Stronger With You Tobacco
19472,Beach Hut Man
19535,Tobacco Oud
19539,Valentino Donna Noir Absolu
19541,Moonlight Patchouli
19550,Y Eau de Toilette
19711,Egoiste
19715,Original Vetiver
19737,Le Male Essence de Parfum
19739,Viva la Juicy Gold Couture
19764,Invictus Victory
19791,1740 Marquis de Sade
19817,Dunhill Edition
19857,Artisan Pure
19942,Chance Eau Tendre Eau de Parfum
19945,Egoiste Platinum
19949,Dior Homme Sport
19977,Power Cologne
19980,La Nuit Tresor a la Folie
19992,Legend Eau de Parfum
20001,Terroni
20011,Leather Rose
20015,Costa Azzurra Parfum
20046,Knot Eau Absolue
20124,Halloween Man X
20193,Greenley
20194,Percival
20195,Sedley
20198,Polo Blue Gold Blend
20199,Safari for Men
20211,Tobacco Vanille
20214,Valentino Uomo Born in Roma
20221,XJ 1861 Zefiro
20261,Scent Intense
20348,Halloween Man Shot
20361,Yatagan
20390,Aventus Cologne
20391,Silver Shadow Altitude
20403,Armani Eau Pour Homme
20408,Xeryus Rouge
20414,Patchouli Ardent
20440,Explorer
20483,Alexandria II
20506,Fierce
20587,David Yurman Limited Edition
20611,Chic for Men
20612,Herrera For Men
20614,Antaeus
20627,The Library Collection Opus VI
20682,Mefisto
20809,Allure Homme Sport
20825,The One Mysterious Night
20852,Baccarat Rouge 540 Extrait de Parfum
20870,Pegasus Exclusif
20893,Libre Intense
21006,Wanted by Night
21021,Coco Mademoiselle Intense
21048,Rehab
21060,Pardon
21079,Tuscan Leather
21080,Valentino Uomo
21083,Libre Le Parfum
21137,Oud Shamash
21191,Overture Man
21193,Very Irresistible Eau de Parfum
21205,Lalique Pour Homme Equus
21238,Eros Parfum
21242,Alexandria III
21245,Supreme Bouquet
21291,Mercedes Benz Man Private
21329,Le Parfum Eau de Parfum Intense
21353,CH Men Prive
21369,Gentleman Eau de Parfum
21383,Oud for Greatness
21385,Scandal Pour Homme
21420,Versace Pour Homme
21529,Fahrenheit Le Parfum
21545,Mon Guerlain Eau de Parfum Intense
21570,Luna Rossa Carbon
21571,Roberto Cavalli Uomo Silver Essence
21581,Eros Flame
21584,Spicebomb
21585,Mefisto Gentiluomo
21589,XJ 1861 Renaissance
21615,Oud Save The King
21678,Del Mar
21695,Allure Homme
21696,Green Irish Tweed
21748,Uomo Salvatore Ferragamo Signature
21749,Black Gemstone
21754,Lira
21756,Erba Gold
21758,Black Opium Le Parfum
21795,Tuscany Per Uomo
21857,Bvlgari Man In Black
21880,Royal Vintage
21893,Noir de Noir
21894,Ombre Leather Parfum
21913,Radiant Seduction in Black
21992,Club de Nuit Blue Iconic
22005,Sauvage Elixir
22027,Intense Cedrat Boise
22074,Momentum Unbreakable Eau de Parfum
22096,Mercedes-Benz Select Night
22142,Allure Homme Sport Eau Extreme
22149,Aventus
22175,Layton Exclusif
22183,Ombre Leather 2018
22274,Oud Malaki
22281,Armani Code Eau de Parfum
22285,Honour 43 Woman
22286,Gentleman Eau de Toilette Intense
22299,Lalique White in Black
22305,Alien Essence Absolue
22311,Hacivat
22323,Eros Eau De Parfum
22396,X for Men
22444,Haltane
22445,The Blazing Mr Sam
22537,Armani Code Parfum
22549,Ombre Noire
22552,Narciso Rodriguez for Him Bleu Noir Parfum
22561,1 Million Elixir
22570,Noir Extreme Parfum
22574,Y Le Parfum
22596,Bentley For Men Silverlake
22649,Eau Sauvage Parfum 2017
22695,Y Eau de Parfum
22761,Armani Code Absolu
22762,Epic 56 Woman
22784,Carlisle
22847,Bleu de Chanel Parfum
22942,Acqua di Gio Profumo
22992,Amalfi Citrus
23068,Starlight
23144,Scandal Pour Homme Le Parfum
23151,Oajan
23205,Dior Homme Cologne 2013
23222,Ultra Male
23274,Bvlgari Man Black Orient
23298,Herod
23304,Tuxedo
23345,Davidoff Amber Blend
23363,Layton
23366,Valentino Uomo Intense
23406,Intense Oud
23463,Jubilation 40 Man
23519,Sandstorm
23634,Mercedes Benz Club Black
23660,XJ 1861 Naxos
23731,Torino21
23783,Dior Homme Parfum
23818,Emporio Armani Stronger With You Leather
23822,Le Beau Le Parfum
23823,Le Male Elixir
23846,The Most Wanted
23850,Emporio Armani Stronger With You Intensely
23914,Le Male Le Parfum
