,url,img,perfume,brand,gender
0,https://www.fragrantica.com/perfume/Versace/Versace-Pour-Homme-Dylan-Blue-40031.html,https://fimgs.net/mdimg/perfume/m.40031.jpg,Versace Pour Homme Dylan Blue ,Versace,male
1,https://www.fragrantica.com/perfume/Prada/Prada-L-Homme-39029.html,https://fimgs.net/mdimg/perfume/m.39029.jpg,Prada L'Homme ,Prada,male
2,https://www.fragrantica.com/perfume/Guerlain/L-Homme-Ideal-Eau-de-Parfum-37735.html,https://fimgs.net/mdimg/perfume/m.37735.jpg,L’Homme Idéal Eau de Parfum ,Guerlain,male
3,https://www.fragrantica.com/perfume/Montblanc/Legend-Spirit-33443.html,https://fimgs.net/mdimg/perfume/m.33443.jpg,Legend Spirit ,Montblanc,male
4,https://www.fragrantica.com/perfume/Bvlgari/Tygar-41222.html,https://fimgs.net/mdimg/perfume/m.41222.jpg,Tygar ,Bvlgari,male
5,https://www.fragrantica.com/perfume/Valentino/Valentino-Uomo-Intense-38254.html,https://fimgs.net/mdimg/perfume/m.38254.jpg,Valentino Uomo Intense  ,Valentino,male
6,https://www.fragrantica.com/perfume/Penhaligon-s/The-Tragedy-of-Lord-George-40716.html,https://fimgs.net/mdimg/perfume/m.40716.jpg,The Tragedy of Lord George ,Penhaligon's,male
7,https://www.fragrantica.com/perfume/Azzaro/Wanted-38686.html,https://fimgs.net/mdimg/perfume/m.38686.jpg,Wanted ,Azzaro,male
8,https://www.fragrantica.com/perfume/Guerlain/Guerlain-Homme-Eau-de-Parfum-2016-47793.html,https://fimgs.net/mdimg/perfume/m.47793.jpg,Guerlain Homme Eau de Parfum (2016) ,Guerlain,male
9,https://www.fragrantica.com/perfume/Rabanne/1-Million-Prive-37698.html,https://fimgs.net/mdimg/perfume/m.37698.jpg,1 Million Privé ,Rabanne,male
10,https://www.fragrantica.com/perfume/Al-Haramain-Perfumes/L-Aventure-40405.html,https://fimgs.net/mdimg/perfume/m.40405.jpg,L'Aventure ,Al Haramain Perfumes,male
11,https://www.fragrantica.com/perfume/Ralph-Lauren/Polo-Blue-Eau-de-Parfum-38051.html,https://fimgs.net/mdimg/perfume/m.38051.jpg,Polo Blue Eau de Parfum ,Ralph Lauren,male
12,https://www.fragrantica.com/perfume/Giorgio-Armani/Armani-Code-Profumo-34761.html,https://fimgs.net/mdimg/perfume/m.34761.jpg,Armani Code Profumo ,Giorgio Armani,male
13,https://www.fragrantica.com/perfume/Zadig-Voltaire/This-is-Him-39359.html,https://fimgs.net/mdimg/perfume/m.39359.jpg,This is Him ,Zadig & Voltaire,male
14,https://www.fragrantica.com/perfume/Natura/Homem-Essence-40309.html,https://fimgs.net/mdimg/perfume/m.40309.jpg,Homem Essence ,Natura,male
15,https://www.fragrantica.com/perfume/Salvatore-Ferragamo/Uomo-Salvatore-Ferragamo-39466.html,https://fimgs.net/mdimg/perfume/m.39466.jpg,Uomo Salvatore Ferragamo ,Salvatore Ferragamo,male
16,https://www.fragrantica.com/perfume/Marc-Antoine-Barrois/B683-46802.html,https://fimgs.net/mdimg/perfume/m.46802.jpg,B683 ,Marc-Antoine Barrois,male
17,https://www.fragrantica.com/perfume/Amouage/Myths-Man-38259.html,https://fimgs.net/mdimg/perfume/m.38259.jpg,Myths Man ,Amouage,male
18,https://www.fragrantica.com/perfume/Abercrombie-Fitch/First-Instinct-37753.html,https://fimgs.net/mdimg/perfume/m.37753.jpg,First Instinct ,Abercrombie & Fitch,male
19,https://www.fragrantica.com/perfume/Zara/Tobacco-Collection-Rich-Warm-Addictive-40449.html,https://fimgs.net/mdimg/perfume/m.40449.jpg,Tobacco Collection Rich Warm Addictive ,Zara,male
20,https://www.fragrantica.com/perfume/Jimmy-Choo/Jimmy-Choo-Man-Intense-39467.html,https://fimgs.net/mdimg/perfume/m.39467.jpg,Jimmy Choo Man Intense ,Jimmy Choo,male
21,https://www.fragrantica.com/perfume/Jean-Paul-Gaultier/Le-Male-Essence-de-Parfum-39583.html,https://fimgs.net/mdimg/perfume/m.39583.jpg,Le Male Essence de Parfum ,Jean Paul Gaultier,male
22,https://www.fragrantica.com/perfume/Bvlgari/Gyan-41221.html,https://fimgs.net/mdimg/perfume/m.41221.jpg,Gyan ,Bvlgari,male
23,https://www.fragrantica.com/perfume/Hugo-Boss/Boss-Bottled-Intense-Eau-de-Parfum-40468.html,https://fimgs.net/mdimg/perfume/m.40468.jpg,Boss Bottled Intense Eau de Parfum ,Hugo Boss,male
24,https://www.fragrantica.com/perfume/John-Varvatos/Artisan-Blu-35456.html,https://fimgs.net/mdimg/perfume/m.35456.jpg,Artisan Blu ,John Varvatos,male
25,https://www.fragrantica.com/perfume/Penhaligon-s/Roaring-Radcliff-43037.html,https://fimgs.net/mdimg/perfume/m.43037.jpg,Roaring Radcliff ,Penhaligon's,male
26,https://www.fragrantica.com/perfume/Loewe/Loewe-7-Anonimo-38739.html,https://fimgs.net/mdimg/perfume/m.38739.jpg,Loewe 7 Anonimo ,Loewe,male
27,https://www.fragrantica.com/perfume/Issey-Miyake/L-Eau-d-Issey-Pour-Homme-Noir-Ambre-42055.html,https://fimgs.net/mdimg/perfume/m.42055.jpg,L'Eau d'Issey Pour Homme Noir Ambre ,Issey Miyake,male
28,https://www.fragrantica.com/perfume/Rabanne/Invictus-Aqua-34506.html,https://fimgs.net/mdimg/perfume/m.34506.jpg,Invictus Aqua ,Rabanne,male
29,https://www.fragrantica.com/perfume/Penhaligon-s/Much-Ado-About-The-Duke-40713.html,https://fimgs.net/mdimg/perfume/m.40713.jpg,Much Ado About The Duke ,Penhaligon's,male
30,https://www.fragrantica.com/perfume/Yves-Saint-Laurent/L-Homme-Ultime-35659.html,https://fimgs.net/mdimg/perfume/m.35659.jpg,L'Homme Ultime ,Yves Saint Laurent,male
31,https://www.fragrantica.com/perfume/Loewe/Loewe-001-Man-40791.html,https://fimgs.net/mdimg/perfume/m.40791.jpg,Loewe 001 Man ,Loewe,male
32,https://www.fragrantica.com/perfume/Amouage/Bracken-Man-40206.html,https://fimgs.net/mdimg/perfume/m.40206.jpg,Bracken Man ,Amouage,male
33,https://www.fragrantica.com/perfume/Clive-Christian/Rock-Rose-40132.html,https://fimgs.net/mdimg/perfume/m.40132.jpg,Rock Rose ,Clive Christian,male
34,https://www.fragrantica.com/perfume/Cartier/L-Envol-de-Cartier-Eau-de-Parfum-39885.html,https://fimgs.net/mdimg/perfume/m.39885.jpg,L'Envol de Cartier Eau de Parfum ,Cartier,male
35,https://www.fragrantica.com/perfume/Guerlain/L-Instant-de-Guerlain-pour-Homme-EDT-44762.html,https://fimgs.net/mdimg/perfume/m.44762.jpg,L'Instant de Guerlain pour Homme EDT ,Guerlain,male
36,https://www.fragrantica.com/perfume/Roberto-Cavalli/Roberto-Cavalli-Uomo-39373.html,https://fimgs.net/mdimg/perfume/m.39373.jpg,Roberto Cavalli Uomo ,Roberto Cavalli,male
37,https://www.fragrantica.com/perfume/Rasasi/La-Yuqawam-Ambergris-Showers-44896.html,https://fimgs.net/mdimg/perfume/m.44896.jpg,La Yuqawam Ambergris Showers ,Rasasi,male
38,https://www.fragrantica.com/perfume/Roja-Dove/Oligarch-40687.html,https://fimgs.net/mdimg/perfume/m.40687.jpg,Oligarch ,Roja Dove,male
39,https://www.fragrantica.com/perfume/Rabanne/Invictus-Intense-42891.html,https://fimgs.net/mdimg/perfume/m.42891.jpg,Invictus Intense ,Rabanne,male
40,https://www.fragrantica.com/perfume/Natura/Homem-Especiarias-36651.html,https://fimgs.net/mdimg/perfume/m.36651.jpg,Homem Especiarias ,Natura,male
41,https://www.fragrantica.com/perfume/Lalique/L-Insoumis-39442.html,https://fimgs.net/mdimg/perfume/m.39442.jpg,L'Insoumis ,Lalique,male
42,https://www.fragrantica.com/perfume/Mugler/A-Men-Pure-Tonka-35590.html,https://fimgs.net/mdimg/perfume/m.35590.jpg,A*Men Pure Tonka ,Mugler,male
43,https://www.fragrantica.com/perfume/Halloween/Halloween-Man-Shot-40999.html,https://fimgs.net/mdimg/perfume/m.40999.jpg,Halloween Man Shot  ,Halloween,male
44,https://www.fragrantica.com/perfume/Hugo-Boss/Hugo-Extreme-34871.html,https://fimgs.net/mdimg/perfume/m.34871.jpg,Hugo Extreme  ,Hugo Boss,male
45,https://www.fragrantica.com/perfume/O-Boticario/Malbec-Gold-47644.html,https://fimgs.net/mdimg/perfume/m.47644.jpg,Malbec Gold ,O Boticário,male
46,https://www.fragrantica.com/perfume/Chanel/Pour-Monsieur-Eau-de-Parfum-43001.html,https://fimgs.net/mdimg/perfume/m.43001.jpg,Pour Monsieur Eau de Parfum ,Chanel,male
47,https://www.fragrantica.com/perfume/Givenchy/Gentlemen-Only-Absolute-38932.html,https://fimgs.net/mdimg/perfume/m.38932.jpg,Gentlemen Only Absolute ,Givenchy,male
48,https://www.fragrantica.com/perfume/Bvlgari/Onekh-41220.html,https://fimgs.net/mdimg/perfume/m.41220.jpg,Onekh ,Bvlgari,male
49,https://www.fragrantica.com/perfume/Burberry/Mr-Burberry-32565.html,https://fimgs.net/mdimg/perfume/m.32565.jpg,Mr. Burberry ,Burberry,male
50,https://www.fragrantica.com/perfume/M-Micallef/Osaito-37995.html,https://fimgs.net/mdimg/perfume/m.37995.jpg,Osaïto ,M. Micallef,male
51,https://www.fragrantica.com/perfume/Bvlgari/Bvlgari-Man-Black-Orient-39256.html,https://fimgs.net/mdimg/perfume/m.39256.jpg,Bvlgari Man Black Orient ,Bvlgari,male
52,https://www.fragrantica.com/perfume/Mercedes-Benz/Mercedes-Benz-Cologne-41578.html,https://fimgs.net/mdimg/perfume/m.41578.jpg,Mercedes-Benz Cologne ,Mercedes-Benz,male
53,https://www.fragrantica.com/perfume/Nautica/Nautica-Voyage-Sport-36402.html,https://fimgs.net/mdimg/perfume/m.36402.jpg,Nautica Voyage Sport ,Nautica,male
54,https://www.fragrantica.com/perfume/Zara/Vibrant-Leather-41963.html,https://fimgs.net/mdimg/perfume/m.41963.jpg,Vibrant Leather ,Zara,male
55,https://www.fragrantica.com/perfume/Alfred-Dunhill/Icon-Elite-38982.html,https://fimgs.net/mdimg/perfume/m.38982.jpg,Icon Elite ,Alfred Dunhill,male
56,https://www.fragrantica.com/perfume/L-Erbolario/Ginepro-Nero-41163.html,https://fimgs.net/mdimg/perfume/m.41163.jpg,Ginepro Nero ,L'Erbolario,male
57,https://www.fragrantica.com/perfume/Bvlgari/Garanat-41219.html,https://fimgs.net/mdimg/perfume/m.41219.jpg,Garanat ,Bvlgari,male
58,https://www.fragrantica.com/perfume/Atkinsons/Atkinsons-His-Majesty-The-Oud-38961.html,https://fimgs.net/mdimg/perfume/m.38961.jpg,Atkinsons His Majesty The Oud ,Atkinsons,male
59,https://www.fragrantica.com/perfume/Diesel/Bad-39383.html,https://fimgs.net/mdimg/perfume/m.39383.jpg,Bad ,Diesel,male
60,https://www.fragrantica.com/perfume/John-Varvatos/Dark-Rebel-Rider-39982.html,https://fimgs.net/mdimg/perfume/m.39982.jpg,Dark Rebel Rider ,John Varvatos,male
61,https://www.fragrantica.com/perfume/Carven/Carven-L-Eau-Intense-35300.html,https://fimgs.net/mdimg/perfume/m.35300.jpg,Carven L'Eau Intense ,Carven,male
62,https://www.fragrantica.com/perfume/Yves-Rocher/Cuir-Vetiver-33207.html,https://fimgs.net/mdimg/perfume/m.33207.jpg,Cuir Vetiver ,Yves Rocher,male
63,https://www.fragrantica.com/perfume/Zara/Zara-W-END-till-3-00-AM-39158.html,https://fimgs.net/mdimg/perfume/m.39158.jpg,Zara W/END till 3:00 AM ,Zara,male
64,https://www.fragrantica.com/perfume/Hollister/Hollister-Wave-For-Him-38891.html,https://fimgs.net/mdimg/perfume/m.38891.jpg,Hollister Wave For Him ,Hollister,male
65,https://www.fragrantica.com/perfume/Henry-Jacques/Blue-Vanille-49777.html,https://fimgs.net/mdimg/perfume/m.49777.jpg,Blue Vanille ,Henry Jacques,male
66,https://www.fragrantica.com/perfume/Prada/Luna-Rossa-Eau-Sport-38511.html,https://fimgs.net/mdimg/perfume/m.38511.jpg,Luna Rossa Eau Sport ,Prada,male
67,https://www.fragrantica.com/perfume/Original-Penguin/Premium-Blend-38898.html,https://fimgs.net/mdimg/perfume/m.38898.jpg,Premium Blend ,Original Penguin,male
68,https://www.fragrantica.com/perfume/Gritti/Decimo-35948.html,https://fimgs.net/mdimg/perfume/m.35948.jpg,Decimo ,Gritti,male
69,https://www.fragrantica.com/perfume/Dior/Jules-2016-40736.html,https://fimgs.net/mdimg/perfume/m.40736.jpg,Jules (2016) ,Dior,male
70,https://www.fragrantica.com/perfume/Zara/Zara-W-END-till-8-00-PM-39159.html,https://fimgs.net/mdimg/perfume/m.39159.jpg,Zara W/END till 8:00 PM ,Zara,male
71,https://www.fragrantica.com/perfume/Kenzo/Kenzo-Homme-Eau-de-Parfum-35396.html,https://fimgs.net/mdimg/perfume/m.35396.jpg,Kenzo Homme Eau de Parfum ,Kenzo,male
72,https://www.fragrantica.com/perfume/Bvlgari/Man-Black-Cologne-38188.html,https://fimgs.net/mdimg/perfume/m.38188.jpg,Man Black Cologne ,Bvlgari,male
73,https://www.fragrantica.com/perfume/Zara/Tobacco-Collection-Intense-Dark-Exclusive-40450.html,https://fimgs.net/mdimg/perfume/m.40450.jpg,Tobacco Collection Intense Dark Exclusive  ,Zara,male
74,https://www.fragrantica.com/perfume/Tommy-Bahama/Maritime-for-Him-42300.html,https://fimgs.net/mdimg/perfume/m.42300.jpg,Maritime for Him ,Tommy Bahama,male
75,https://www.fragrantica.com/perfume/Robert-Graham/Fortitude-36530.html,https://fimgs.net/mdimg/perfume/m.36530.jpg,Fortitude ,Robert Graham,male
76,https://www.fragrantica.com/perfume/Acqua-di-Parma/Colonia-Sandalo-Concentree-38166.html,https://fimgs.net/mdimg/perfume/m.38166.jpg,Colonia Sandalo Concentrée  ,Acqua di Parma,male
77,https://www.fragrantica.com/perfume/Jean-Paul-Gaultier/Le-Male-Popeye-Eau-Fraiche-36636.html,https://fimgs.net/mdimg/perfume/m.36636.jpg,Le Male Popeye Eau Fraiche  ,Jean Paul Gaultier,male
78,https://www.fragrantica.com/perfume/Trussardi/Trussardi-Uomo-The-Red-39678.html,https://fimgs.net/mdimg/perfume/m.39678.jpg,Trussardi Uomo The Red ,Trussardi,male
79,https://www.fragrantica.com/perfume/The-Merchant-of-Venice/La-Fenice-Pour-Homme-42398.html,https://fimgs.net/mdimg/perfume/m.42398.jpg,La Fenice Pour Homme ,The Merchant of Venice,male
80,https://www.fragrantica.com/perfume/Zara/Zara-For-Him-Black-Edition-41964.html,https://fimgs.net/mdimg/perfume/m.41964.jpg,Zara For Him Black Edition ,Zara,male
81,https://www.fragrantica.com/perfume/Acqua-di-Parma/Colonia-Quercia-38674.html,https://fimgs.net/mdimg/perfume/m.38674.jpg,Colonia Quercia ,Acqua di Parma,male
82,https://www.fragrantica.com/perfume/Parle-Moi-de-Parfum/Cedar-Woodpecker-10-42239.html,https://fimgs.net/mdimg/perfume/m.42239.jpg,Cedar Woodpecker 10 ,Parle Moi de Parfum,male
83,https://www.fragrantica.com/perfume/Gucci/Gucci-Guilty-Pour-Homme-Platinum-40648.html,https://fimgs.net/mdimg/perfume/m.40648.jpg,Gucci Guilty Pour Homme Platinum ,Gucci,male
84,https://www.fragrantica.com/perfume/Rituals/Maharaja-d-Or-41952.html,https://fimgs.net/mdimg/perfume/m.41952.jpg,Maharaja d'Or ,Rituals,male
85,https://www.fragrantica.com/perfume/MDCI-Parfums/Le-Barbier-de-Tanger-42413.html,https://fimgs.net/mdimg/perfume/m.42413.jpg,Le Barbier de Tanger ,MDCI Parfums,male
86,https://www.fragrantica.com/perfume/L-Occitane-en-Provence/L-Homme-Cologne-Cedrat-41969.html,https://fimgs.net/mdimg/perfume/m.41969.jpg,L'Homme Cologne Cedrat ,L'Occitane en Provence,male
87,https://www.fragrantica.com/perfume/Bvlgari/Malakeos-41223.html,https://fimgs.net/mdimg/perfume/m.41223.jpg,Malakeos ,Bvlgari,male
88,https://www.fragrantica.com/perfume/Bvlgari/Ambero-41224.html,https://fimgs.net/mdimg/perfume/m.41224.jpg,Ambero ,Bvlgari,male
89,https://www.fragrantica.com/perfume/O-Boticario/Men-Only-38547.html,https://fimgs.net/mdimg/perfume/m.38547.jpg,Men Only ,O Boticário,male
90,https://www.fragrantica.com/perfume/Giorgio-Armani/Armani-Eau-de-Nuit-Oud-38548.html,https://fimgs.net/mdimg/perfume/m.38548.jpg,Armani Eau de Nuit Oud ,Giorgio Armani,male
91,https://www.fragrantica.com/perfume/Kenneth-Cole/Black-Bold-40222.html,https://fimgs.net/mdimg/perfume/m.40222.jpg,Black Bold ,Kenneth Cole,male
92,https://www.fragrantica.com/perfume/Jaguar/Jaguar-Pace-32705.html,https://fimgs.net/mdimg/perfume/m.32705.jpg,Jaguar Pace ,Jaguar,male
93,https://www.fragrantica.com/perfume/Davidoff/Horizon-35819.html,https://fimgs.net/mdimg/perfume/m.35819.jpg,Horizon ,Davidoff,male
94,https://www.fragrantica.com/perfume/The-Merchant-of-Venice/Venetian-Blue-39180.html,https://fimgs.net/mdimg/perfume/m.39180.jpg,Venetian Blue ,The Merchant of Venice,male
95,https://www.fragrantica.com/perfume/O-Boticario/Malbec-Sport-41727.html,https://fimgs.net/mdimg/perfume/m.41727.jpg,Malbec Sport ,O Boticário,male
96,https://www.fragrantica.com/perfume/Theodoros-Kalotinis/Mentor-42487.html,https://fimgs.net/mdimg/perfume/m.42487.jpg,Mentor ,Theodoros Kalotinis,male
97,https://www.fragrantica.com/perfume/Azzaro/Solarissimo-Levanzo-37912.html,https://fimgs.net/mdimg/perfume/m.37912.jpg,Solarissimo Levanzo ,Azzaro,male
98,https://www.fragrantica.com/perfume/Gisada/Gisada-Uomo-43751.html,https://fimgs.net/mdimg/perfume/m.43751.jpg,Gisada Uomo ,Gisada,male
99,https://www.fragrantica.com/perfume/Kenneth-Cole/Mankind-Hero-38546.html,https://fimgs.net/mdimg/perfume/m.38546.jpg,Mankind Hero ,Kenneth Cole,male
100,https://www.fragrantica.com/perfume/Tous/TOUS-MAN-Les-Colognes-Concentrees-38372.html,https://fimgs.net/mdimg/perfume/m.38372.jpg,TOUS MAN Les Colognes Concentrées ,Tous,male
101,https://www.fragrantica.com/perfume/Viktor-Rolf/Spicebomb-Limited-Edition-42313.html,https://fimgs.net/mdimg/perfume/m.42313.jpg,Spicebomb Limited Edition ,Viktor&Rolf,male
102,https://www.fragrantica.com/perfume/Arquiste/El-40640.html,https://fimgs.net/mdimg/perfume/m.40640.jpg,El ,Arquiste,male
103,https://www.fragrantica.com/perfume/Henry-Jacques/Roi-Sans-Equipage-43872.html,https://fimgs.net/mdimg/perfume/m.43872.jpg,Roi Sans Equipage ,Henry Jacques,male
104,https://www.fragrantica.com/perfume/Oscar-de-la-Renta/Gentleman-40621.html,https://fimgs.net/mdimg/perfume/m.40621.jpg,Gentleman ,Oscar de la Renta,male
105,https://www.fragrantica.com/perfume/Cristiano-Ronaldo/Legacy-Private-Edition-40925.html,https://fimgs.net/mdimg/perfume/m.40925.jpg,Legacy Private Edition ,Cristiano Ronaldo,male
106,https://www.fragrantica.com/perfume/Lacoste-Fragrances/Eau-de-Lacoste-Pour-Homme-L-12-12-Magnetic-41265.html,https://fimgs.net/mdimg/perfume/m.41265.jpg,Eau de Lacoste Pour Homme L.12.12. Magnetic ,Lacoste Fragrances,male
107,https://www.fragrantica.com/perfume/Theodoros-Kalotinis/1989-36577.html,https://fimgs.net/mdimg/perfume/m.36577.jpg,1989 ,Theodoros Kalotinis,male
108,https://www.fragrantica.com/perfume/Robert-Graham/Valour-36529.html,https://fimgs.net/mdimg/perfume/m.36529.jpg,Valour ,Robert Graham,male
109,https://www.fragrantica.com/perfume/Bullfrog/Secret-Potion-No-1-43263.html,https://fimgs.net/mdimg/perfume/m.43263.jpg,Secret Potion No. 1 ,Bullfrog,male
110,https://www.fragrantica.com/perfume/Denim/Denim-1976-44547.html,https://fimgs.net/mdimg/perfume/m.44547.jpg,Denim 1976 ,Denim,male
111,https://www.fragrantica.com/perfume/Original-Penguin/Original-Blend-38900.html,https://fimgs.net/mdimg/perfume/m.38900.jpg,Original Blend ,Original Penguin,male
112,https://www.fragrantica.com/perfume/Royal-Crown/Upper-Class-38230.html,https://fimgs.net/mdimg/perfume/m.38230.jpg,Upper Class ,Royal Crown,male
113,https://www.fragrantica.com/perfume/Nikos/Sculpture-Homme-God-s-Night-42277.html,https://fimgs.net/mdimg/perfume/m.42277.jpg,Sculpture Homme God's Night ,Nikos,male
114,https://www.fragrantica.com/perfume/Bentley/Infinite-Rush-32706.html,https://fimgs.net/mdimg/perfume/m.32706.jpg,Infinite Rush ,Bentley,male
115,https://www.fragrantica.com/perfume/Floris/Turnbull-Asser-71-72-38271.html,https://fimgs.net/mdimg/perfume/m.38271.jpg,Turnbull & Asser 71/72 ,Floris,male
116,https://www.fragrantica.com/perfume/Carolina-Herrera/212-VIP-Men-Wild-Party-35781.html,https://fimgs.net/mdimg/perfume/m.35781.jpg,212 VIP Men Wild Party  ,Carolina Herrera,male
117,https://www.fragrantica.com/perfume/Milano-Cento/Milano-Cento-For-Him-58220.html,https://fimgs.net/mdimg/perfume/m.58220.jpg,Milano Cento For Him ,Milano Cento,male
118,https://www.fragrantica.com/perfume/Dolce-Gabbana/Light-Blue-Pour-Homme-Beauty-of-Capri-36602.html,https://fimgs.net/mdimg/perfume/m.36602.jpg,Light Blue Pour Homme Beauty of Capri  ,Dolce&Gabbana,male
119,https://www.fragrantica.com/perfume/Junaid-Jamshed/Janan-Gold-Edition-41898.html,https://fimgs.net/mdimg/perfume/m.41898.jpg,Janan Gold Edition ,Junaid Jamshed,male
120,https://www.fragrantica.com/perfume/Ajmal/Zeal-42711.html,https://fimgs.net/mdimg/perfume/m.42711.jpg,Zeal ,Ajmal,male
121,https://www.fragrantica.com/perfume/O-Boticario/Arbo-Ocean-42915.html,https://fimgs.net/mdimg/perfume/m.42915.jpg,Arbo Ocean ,O Boticário,male
122,https://www.fragrantica.com/perfume/Ajmal/Evoke-Silver-Edition-50792.html,https://fimgs.net/mdimg/perfume/m.50792.jpg,Evoke Silver Edition ,Ajmal,male
123,https://www.fragrantica.com/perfume/Perry-Ellis/Aqua-Extreme-40960.html,https://fimgs.net/mdimg/perfume/m.40960.jpg,Aqua Extreme ,Perry Ellis,male
124,https://www.fragrantica.com/perfume/Calvin-Klein/Eternity-for-Men-Intense-41918.html,https://fimgs.net/mdimg/perfume/m.41918.jpg,Eternity for Men Intense ,Calvin Klein,male
125,https://www.fragrantica.com/perfume/Avon/300-Km-h-Max-Turbo-40251.html,https://fimgs.net/mdimg/perfume/m.40251.jpg,300 Km/h Max Turbo ,Avon,male
126,https://www.fragrantica.com/perfume/Bottega-Veneta/Bottega-Veneta-Pour-Homme-Essence-Aromatique-35623.html,https://fimgs.net/mdimg/perfume/m.35623.jpg,Bottega Veneta Pour Homme Essence Aromatique ,Bottega Veneta,male
127,https://www.fragrantica.com/perfume/Starck/Peau-de-Pierre-40547.html,https://fimgs.net/mdimg/perfume/m.40547.jpg,Peau de Pierre ,Starck,male
128,https://www.fragrantica.com/perfume/Giorgio-Armani/Armani-Code-Sport-Edition-2016-39648.html,https://fimgs.net/mdimg/perfume/m.39648.jpg,Armani Code Sport Edition 2016  ,Giorgio Armani,male
129,https://www.fragrantica.com/perfume/Gri-Gri-Parfums/Ukiyo-E-35555.html,https://fimgs.net/mdimg/perfume/m.35555.jpg,Ukiyo-E ,Gri Gri Parfums,male
130,https://www.fragrantica.com/perfume/Davidoff/Cool-Water-Ocean-Extreme-39241.html,https://fimgs.net/mdimg/perfume/m.39241.jpg,Cool Water Ocean Extreme ,Davidoff,male
131,https://www.fragrantica.com/perfume/House-Of-Sillage/HoS-N-001-35698.html,https://fimgs.net/mdimg/perfume/m.35698.jpg,HoS N.001 ,House Of Sillage,male
132,https://www.fragrantica.com/perfume/Teo-Cabanel/Kasar-40394.html,https://fimgs.net/mdimg/perfume/m.40394.jpg,Kasar ,Teo Cabanel,male
133,https://www.fragrantica.com/perfume/Proraso/Proraso-Red-After-Shave-39945.html,https://fimgs.net/mdimg/perfume/m.39945.jpg,Proraso Red After Shave ,Proraso,male
134,https://www.fragrantica.com/perfume/Eudora/Club-6-Cassino-41915.html,https://fimgs.net/mdimg/perfume/m.41915.jpg,Club 6 Cassino ,Eudora,male
135,https://www.fragrantica.com/perfume/English-Laundry/Windsor-Pour-Homme-52539.html,https://fimgs.net/mdimg/perfume/m.52539.jpg,Windsor Pour Homme ,English Laundry,male
136,https://www.fragrantica.com/perfume/Luigi-Borrelli/Cotton-42918.html,https://fimgs.net/mdimg/perfume/m.42918.jpg,Cotton ,Luigi Borrelli,male
137,https://www.fragrantica.com/perfume/Parfums-Quartana/Wolfsbane-39236.html,https://fimgs.net/mdimg/perfume/m.39236.jpg,Wolfsbane ,Parfums Quartana,male
138,https://www.fragrantica.com/perfume/Bullfrog/Secret-Potion-No-2-43264.html,https://fimgs.net/mdimg/perfume/m.43264.jpg,Secret Potion No. 2 ,Bullfrog,male
139,https://www.fragrantica.com/perfume/Le-Galion/Sang-Bleu-39674.html,https://fimgs.net/mdimg/perfume/m.39674.jpg,Sang Bleu ,Le Galion,male
140,https://www.fragrantica.com/perfume/Guess/Guess-Dare-for-Men-38648.html,https://fimgs.net/mdimg/perfume/m.38648.jpg,Guess Dare for Men ,Guess,male
141,https://www.fragrantica.com/perfume/Armaf/Shades-Blue-68064.html,https://fimgs.net/mdimg/perfume/m.68064.jpg,Shades Blue ,Armaf,male
142,https://www.fragrantica.com/perfume/Stefano-Ricci/Royal-Eagle-Sport-47524.html,https://fimgs.net/mdimg/perfume/m.47524.jpg,Royal Eagle Sport ,Stefano Ricci,male
143,https://www.fragrantica.com/perfume/Trussardi/Trussardi-Amber-Oud-39247.html,https://fimgs.net/mdimg/perfume/m.39247.jpg,Trussardi Amber Oud ,Trussardi,male
144,https://www.fragrantica.com/perfume/O-Boticario/Coffee-Man-Paradiso-41724.html,https://fimgs.net/mdimg/perfume/m.41724.jpg,Coffee Man Paradiso ,O Boticário,male
145,https://www.fragrantica.com/perfume/Vince-Camuto/Vince-Camuto-Eterno-36604.html,https://fimgs.net/mdimg/perfume/m.36604.jpg,Vince Camuto Eterno ,Vince Camuto,male
146,https://www.fragrantica.com/perfume/AXE/Urban-Tobacco-Amber-67309.html,https://fimgs.net/mdimg/perfume/m.67309.jpg,Urban Tobacco & Amber ,AXE,male
147,https://www.fragrantica.com/perfume/Fragonard/L-Aventurier-41874.html,https://fimgs.net/mdimg/perfume/m.41874.jpg,L'Aventurier ,Fragonard,male
148,https://www.fragrantica.com/perfume/Luigi-Borrelli/Vicuna-Wool-42919.html,https://fimgs.net/mdimg/perfume/m.42919.jpg,Vicuña Wool ,Luigi Borrelli,male
149,https://www.fragrantica.com/perfume/Diesel/Only-The-Brave-Extreme-36305.html,https://fimgs.net/mdimg/perfume/m.36305.jpg,Only The Brave Extreme ,Diesel,male
150,https://www.fragrantica.com/perfume/Luigi-Borrelli/Cashmere-42920.html,https://fimgs.net/mdimg/perfume/m.42920.jpg,Cashmere ,Luigi Borrelli,male
151,https://www.fragrantica.com/perfume/Joop/Joop-Homme-Sport-34438.html,https://fimgs.net/mdimg/perfume/m.34438.jpg,Joop! Homme Sport ,Joop!,male
152,https://www.fragrantica.com/perfume/Ajmal/Black-Onyx-75041.html,https://fimgs.net/mdimg/perfume/m.75041.jpg,Black Onyx ,Ajmal,male
153,https://www.fragrantica.com/perfume/Van-Cleef-Arpels/In-New-York-39027.html,https://fimgs.net/mdimg/perfume/m.39027.jpg,In New York ,Van Cleef & Arpels,male
154,https://www.fragrantica.com/perfume/Police/To-Be-Rebel-32579.html,https://fimgs.net/mdimg/perfume/m.32579.jpg,To Be Rebel ,Police,male
155,https://www.fragrantica.com/perfume/Roberto-Cavalli/Uomo-Parfum-103347.html,https://fimgs.net/mdimg/perfume/m.103347.jpg,Uomo Parfum ,Roberto Cavalli,male
156,https://www.fragrantica.com/perfume/Jacques-Bogart/Club-75-41577.html,https://fimgs.net/mdimg/perfume/m.41577.jpg,Club 75 ,Jacques Bogart,male
157,https://www.fragrantica.com/perfume/Carolina-Herrera/CH-Men-Central-Park-35914.html,https://fimgs.net/mdimg/perfume/m.35914.jpg,CH Men Central Park ,Carolina Herrera,male
158,https://www.fragrantica.com/perfume/Zara/Star-Wars-Boys-39172.html,https://fimgs.net/mdimg/perfume/m.39172.jpg,Star Wars Boys ,Zara,male
159,https://www.fragrantica.com/perfume/Roberto-Capucci/L-Homme-Suave-Sauvage-49031.html,https://fimgs.net/mdimg/perfume/m.49031.jpg,L'Homme Suave (Sauvage) ,Roberto Capucci,male
160,https://www.fragrantica.com/perfume/Laura-Biagiotti/Roma-Passione-Uomo-40843.html,https://fimgs.net/mdimg/perfume/m.40843.jpg,Roma Passione Uomo ,Laura Biagiotti,male
161,https://www.fragrantica.com/perfume/Givenchy/Gentlemen-Only-Parisian-Break-35450.html,https://fimgs.net/mdimg/perfume/m.35450.jpg,Gentlemen Only Parisian Break ,Givenchy,male
162,https://www.fragrantica.com/perfume/Princesse-Marina-De-Bourbon/Monsieur-Le-Prince-Elegant-41805.html,https://fimgs.net/mdimg/perfume/m.41805.jpg,Monsieur Le Prince Elegant ,Princesse Marina De Bourbon,male
163,https://www.fragrantica.com/perfume/David-Beckham/Beyond-Forever-39299.html,https://fimgs.net/mdimg/perfume/m.39299.jpg,Beyond Forever ,David Beckham,male
164,https://www.fragrantica.com/perfume/Claude-Marsal-Parfums/La-Melodie-49852.html,https://fimgs.net/mdimg/perfume/m.49852.jpg,La Melodie ,Claude Marsal Parfums,male
165,https://www.fragrantica.com/perfume/Azzaro/Azzaro-Pour-Homme-Limited-Edition-2016-38770.html,https://fimgs.net/mdimg/perfume/m.38770.jpg,Azzaro Pour Homme Limited Edition 2016 ,Azzaro,male
166,https://www.fragrantica.com/perfume/Playboy/King-of-the-Game-39747.html,https://fimgs.net/mdimg/perfume/m.39747.jpg,King of the Game ,Playboy,male
167,https://www.fragrantica.com/perfume/Adidas/UEFA-Champions-League-Star-Edition-37343.html,https://fimgs.net/mdimg/perfume/m.37343.jpg,UEFA Champions League Star Edition ,Adidas,male
168,https://www.fragrantica.com/perfume/Abercrombie-Fitch/Fierce-Blue-38013.html,https://fimgs.net/mdimg/perfume/m.38013.jpg,Fierce Blue ,Abercrombie & Fitch,male
169,https://www.fragrantica.com/perfume/L-Occitane-Au-Bresil/Cumaru-42455.html,https://fimgs.net/mdimg/perfume/m.42455.jpg,Cumaru ,L’Occitane Au Brésil,male
170,https://www.fragrantica.com/perfume/The-Dua-Brand/Desert-Reflection-86018.html,https://fimgs.net/mdimg/perfume/m.86018.jpg,Desert Reflection ,The Dua Brand,male
171,https://www.fragrantica.com/perfume/Marvel/Iron-Man-45627.html,https://fimgs.net/mdimg/perfume/m.45627.jpg,Iron Man ,Marvel,male
172,https://www.fragrantica.com/perfume/Korloff-Paris/No-Ordinary-Man-37915.html,https://fimgs.net/mdimg/perfume/m.37915.jpg,No Ordinary Man ,Korloff Paris,male
173,https://www.fragrantica.com/perfume/Sean-John/Sean-John-40485.html,https://fimgs.net/mdimg/perfume/m.40485.jpg,Sean John ,Sean John,male
174,https://www.fragrantica.com/perfume/Rabanne/Black-XS-Los-Angeles-for-Him-35254.html,https://fimgs.net/mdimg/perfume/m.35254.jpg,Black XS Los Angeles for Him ,Rabanne,male
175,https://www.fragrantica.com/perfume/Gri-Gri-Parfums/Moko-Maori-35551.html,https://fimgs.net/mdimg/perfume/m.35551.jpg,Moko Maori ,Gri Gri Parfums,male
176,https://www.fragrantica.com/perfume/Mustang/Performance-38878.html,https://fimgs.net/mdimg/perfume/m.38878.jpg,Performance ,Mustang,male
177,https://www.fragrantica.com/perfume/Oriflame/Venture-39832.html,https://fimgs.net/mdimg/perfume/m.39832.jpg,Venture ,Oriflame,male
178,https://www.fragrantica.com/perfume/Art-de-Parfum/Signature-Wild-39433.html,https://fimgs.net/mdimg/perfume/m.39433.jpg,Signature Wild ,Art de Parfum,male
179,https://www.fragrantica.com/perfume/Abdul-Samad-Al-Qurashi/Blue-Kenam-43927.html,https://fimgs.net/mdimg/perfume/m.43927.jpg,Blue Kenam ,Abdul Samad Al Qurashi,male
180,https://www.fragrantica.com/perfume/Gianfranco-Ferre/L-Uomo-40538.html,https://fimgs.net/mdimg/perfume/m.40538.jpg,L'Uomo ,Gianfranco Ferre,male
181,https://www.fragrantica.com/perfume/Hawthorne/Work-41603.html,https://fimgs.net/mdimg/perfume/m.41603.jpg,Work ,Hawthorne,male
182,https://www.fragrantica.com/perfume/Avon/Premiere-Luxe-Oud-36115.html,https://fimgs.net/mdimg/perfume/m.36115.jpg,Premiere Luxe Oud ,Avon,male
183,https://www.fragrantica.com/perfume/Joop/Joop-Homme-Red-King-40225.html,https://fimgs.net/mdimg/perfume/m.40225.jpg,Joop! Homme Red King ,Joop!,male
184,https://www.fragrantica.com/perfume/Urban-Scents/Gunpowder-Cologne-41102.html,https://fimgs.net/mdimg/perfume/m.41102.jpg,Gunpowder Cologne ,Urban Scents,male
185,https://www.fragrantica.com/perfume/L-Bel/Live-Intense-47159.html,https://fimgs.net/mdimg/perfume/m.47159.jpg,Live Intense ,L'Bel,male
186,https://www.fragrantica.com/perfume/Etienne-Aigner/First-Class-40663.html,https://fimgs.net/mdimg/perfume/m.40663.jpg,First Class ,Etienne Aigner,male
187,https://www.fragrantica.com/perfume/Parfums-Quartana/Mandrake-39234.html,https://fimgs.net/mdimg/perfume/m.39234.jpg,Mandrake ,Parfums Quartana,male
188,https://www.fragrantica.com/perfume/Esika/Leyenda-47157.html,https://fimgs.net/mdimg/perfume/m.47157.jpg,Leyenda ,Ésika,male
189,https://www.fragrantica.com/perfume/Antonio-Banderas/The-Secret-Night-38959.html,https://fimgs.net/mdimg/perfume/m.38959.jpg,The Secret Night ,Antonio Banderas,male
190,https://www.fragrantica.com/perfume/Armaf/Marjan-Silver-52263.html,https://fimgs.net/mdimg/perfume/m.52263.jpg,Marjan Silver ,Armaf,male
191,https://www.fragrantica.com/perfume/Atelier-Segall-Barutti/Le-Tabac-Tradiction-60880.html,https://fimgs.net/mdimg/perfume/m.60880.jpg,Le Tabac Tradiction ,Atelier Segall & Barutti,male
192,https://www.fragrantica.com/perfume/Instituto-Espanol/Poseidon-Indomito-43970.html,https://fimgs.net/mdimg/perfume/m.43970.jpg,Poseidon Indómito ,Instituto Español,male
193,https://www.fragrantica.com/perfume/Hinode/Empire-VIP-46863.html,https://fimgs.net/mdimg/perfume/m.46863.jpg,Empire VIP ,Hinode,male
194,https://www.fragrantica.com/perfume/Jequiti/Portiolli-Gold-41496.html,https://fimgs.net/mdimg/perfume/m.41496.jpg,Portiolli Gold ,Jequiti,male
195,https://www.fragrantica.com/perfume/Issey-Miyake/L-Eau-d-Issey-Pour-Homme-Summer-2016-36274.html,https://fimgs.net/mdimg/perfume/m.36274.jpg,L'Eau d'Issey Pour Homme Summer 2016  ,Issey Miyake,male
196,https://www.fragrantica.com/perfume/Providence-Perfume-Co/Heart-of-Darkness-42947.html,https://fimgs.net/mdimg/perfume/m.42947.jpg,Heart of Darkness ,Providence Perfume Co.,male
197,https://www.fragrantica.com/perfume/Cologne-Zation/Lavender-Black-Tea-47375.html,https://fimgs.net/mdimg/perfume/m.47375.jpg,Lavender & Black Tea ,Cologne-Zation,male
198,https://www.fragrantica.com/perfume/Chopard/Chopard-1927-Vintage-Edition-37335.html,https://fimgs.net/mdimg/perfume/m.37335.jpg,Chopard 1927 Vintage Edition ,Chopard,male
199,https://www.fragrantica.com/perfume/Carolina-Herrera/212-NYC-Men-Pills-38884.html,https://fimgs.net/mdimg/perfume/m.38884.jpg,212 NYC Men Pills ,Carolina Herrera,male
200,https://www.fragrantica.com/perfume/Calvin-Klein/Obsession-for-Men-Summer-37048.html,https://fimgs.net/mdimg/perfume/m.37048.jpg,Obsession for Men Summer  ,Calvin Klein,male
201,https://www.fragrantica.com/perfume/Joop/Joop-Homme-Black-King-40224.html,https://fimgs.net/mdimg/perfume/m.40224.jpg,Joop! Homme Black King ,Joop!,male
202,https://www.fragrantica.com/perfume/Cerruti/Cerruti-1881-Sport-36209.html,https://fimgs.net/mdimg/perfume/m.36209.jpg,Cerruti 1881 Sport ,Cerruti,male
203,https://www.fragrantica.com/perfume/Claude-Marsal-Parfums/La-Symphonie-49854.html,https://fimgs.net/mdimg/perfume/m.49854.jpg,La Symphonie ,Claude Marsal Parfums,male
204,https://www.fragrantica.com/perfume/Divine/L-homme-Accompli-42607.html,https://fimgs.net/mdimg/perfume/m.42607.jpg,L'homme Accompli ,Divine,male
205,https://www.fragrantica.com/perfume/Avon/300-Km-h-Power-61079.html,https://fimgs.net/mdimg/perfume/m.61079.jpg,300 Km/h Power ,Avon,male
206,https://www.fragrantica.com/perfume/Paris-Elysees/Euro-73852.html,https://fimgs.net/mdimg/perfume/m.73852.jpg,Euro ,Paris Elysees,male
207,https://www.fragrantica.com/perfume/Antonio-Banderas/Radiant-Seduction-Blue-35640.html,https://fimgs.net/mdimg/perfume/m.35640.jpg,Radiant Seduction Blue ,Antonio Banderas,male
208,https://www.fragrantica.com/perfume/Avon/Black-Essential-38343.html,https://fimgs.net/mdimg/perfume/m.38343.jpg,Black Essential ,Avon,male
209,https://www.fragrantica.com/perfume/Al-Aneeq/Fakhrul-Oudh-64124.html,https://fimgs.net/mdimg/perfume/m.64124.jpg,Fakhrul Oudh ,Al Aneeq,male
210,https://www.fragrantica.com/perfume/Hawthorne/Play-41604.html,https://fimgs.net/mdimg/perfume/m.41604.jpg,Play ,Hawthorne,male
211,https://www.fragrantica.com/perfume/Truefitt-Hill/Apsley-43322.html,https://fimgs.net/mdimg/perfume/m.43322.jpg,Apsley ,Truefitt & Hill,male
212,https://www.fragrantica.com/perfume/Everlast/Black-Extreme-58434.html,https://fimgs.net/mdimg/perfume/m.58434.jpg,Black Extreme ,Everlast,male
213,https://www.fragrantica.com/perfume/Avon/Aspire-Man-2016-39285.html,https://fimgs.net/mdimg/perfume/m.39285.jpg,Aspire Man (2016) ,Avon,male
214,https://www.fragrantica.com/perfume/Jacomo/Jacomo-for-Men-Intense-41119.html,https://fimgs.net/mdimg/perfume/m.41119.jpg,Jacomo for Men Intense ,Jacomo,male
215,https://www.fragrantica.com/perfume/Oriflame/Giordani-Gold-Man-35354.html,https://fimgs.net/mdimg/perfume/m.35354.jpg,Giordani Gold Man ,Oriflame,male
216,https://www.fragrantica.com/perfume/Barbour/Barbour-For-Him-2016-47004.html,https://fimgs.net/mdimg/perfume/m.47004.jpg,Barbour For Him - 2016 ,Barbour,male
217,https://www.fragrantica.com/perfume/Hugh-Parsons/Bond-Street-39603.html,https://fimgs.net/mdimg/perfume/m.39603.jpg,Bond Street ,Hugh Parsons,male
218,https://www.fragrantica.com/perfume/Tommy-Hilfiger/Tommy-Citrus-Brights-34947.html,https://fimgs.net/mdimg/perfume/m.34947.jpg,Tommy Citrus Brights ,Tommy Hilfiger,male
219,https://www.fragrantica.com/perfume/Zara/Exclusive-Oud-40867.html,https://fimgs.net/mdimg/perfume/m.40867.jpg,Exclusive Oud ,Zara,male
220,https://www.fragrantica.com/perfume/Lacoste-Fragrances/Eau-de-Lacoste-L-12-12-Energized-38163.html,https://fimgs.net/mdimg/perfume/m.38163.jpg,Eau de Lacoste L.12.12 Energized ,Lacoste Fragrances,male
221,https://www.fragrantica.com/perfume/Parfums-Berdoues/1902-Verveine-Yuzu-42141.html,https://fimgs.net/mdimg/perfume/m.42141.jpg,1902 Verveine Yuzu ,Parfums Berdoues,male
222,https://www.fragrantica.com/perfume/Junaid-Jamshed/Wasim-Akram-414-40442.html,https://fimgs.net/mdimg/perfume/m.40442.jpg,Wasim Akram 414 ,Junaid Jamshed,male
223,https://www.fragrantica.com/perfume/New-Brand-Parfums/Gold-60973.html,https://fimgs.net/mdimg/perfume/m.60973.jpg,Gold ,New Brand Parfums,male
224,https://www.fragrantica.com/perfume/The-Master-Perfumer/Dark-Tobacco-No-23-40164.html,https://fimgs.net/mdimg/perfume/m.40164.jpg,Dark Tobacco No. 23 ,The Master Perfumer,male
225,https://www.fragrantica.com/perfume/House-Of-Sillage/HoS-N-002-40950.html,https://fimgs.net/mdimg/perfume/m.40950.jpg,HoS N.002 ,House Of Sillage,male
226,https://www.fragrantica.com/perfume/The-Zoo/Louis-51365.html,https://fimgs.net/mdimg/perfume/m.51365.jpg,Louis ,The Zoo,male
227,https://www.fragrantica.com/perfume/Il-Profvmo/Othello-40207.html,https://fimgs.net/mdimg/perfume/m.40207.jpg,Othello ,Il Profvmo,male
228,https://www.fragrantica.com/perfume/Dame-Perfumery/Chocolate-Man-39660.html,https://fimgs.net/mdimg/perfume/m.39660.jpg,Chocolate Man ,Dame Perfumery,male
229,https://www.fragrantica.com/perfume/Ermenegildo-Zegna/Musk-Gold-37906.html,https://fimgs.net/mdimg/perfume/m.37906.jpg,Musk Gold ,Ermenegildo Zegna,male
230,https://www.fragrantica.com/perfume/Ermenegildo-Zegna/Z-Zegna-Milan-40297.html,https://fimgs.net/mdimg/perfume/m.40297.jpg,Z Zegna Milan ,Ermenegildo Zegna,male
231,https://www.fragrantica.com/perfume/Mandarina-Duck/Black-White-38330.html,https://fimgs.net/mdimg/perfume/m.38330.jpg,Black & White ,Mandarina Duck,male
232,https://www.fragrantica.com/perfume/Antonio-Banderas/Radiant-Seduction-in-Black-35639.html,https://fimgs.net/mdimg/perfume/m.35639.jpg,Radiant Seduction in Black ,Antonio Banderas,male
233,https://www.fragrantica.com/perfume/Bentley/Infinite-Rush-White-Edition-40723.html,https://fimgs.net/mdimg/perfume/m.40723.jpg,Infinite Rush White Edition ,Bentley,male
234,https://www.fragrantica.com/perfume/Panouge/Perle-Rare-Black-Edition-32648.html,https://fimgs.net/mdimg/perfume/m.32648.jpg,Perle Rare Black Edition ,Panouge,male
235,https://www.fragrantica.com/perfume/Gri-Gri-Parfums/Tara-Mantra-35552.html,https://fimgs.net/mdimg/perfume/m.35552.jpg,Tara Mantra ,Gri Gri Parfums,male
236,https://www.fragrantica.com/perfume/Police/Icon-Gold-38509.html,https://fimgs.net/mdimg/perfume/m.38509.jpg,Icon Gold ,Police,male
237,https://www.fragrantica.com/perfume/Carrera-Jeans-Parfums/Carrera-Jeans-700-Original-Uomo-38377.html,https://fimgs.net/mdimg/perfume/m.38377.jpg,Carrera Jeans 700 Original Uomo ,Carrera Jeans Parfums,male
238,https://www.fragrantica.com/perfume/Guerlain/Habit-Rouge-Dress-Code-2016-40599.html,https://fimgs.net/mdimg/perfume/m.40599.jpg,Habit Rouge Dress Code 2016 ,Guerlain,male
239,https://www.fragrantica.com/perfume/Azzaro/Chrome-Limited-Edition-2016-38771.html,https://fimgs.net/mdimg/perfume/m.38771.jpg,Chrome Limited Edition 2016 ,Azzaro,male
240,https://www.fragrantica.com/perfume/Royall-Lyme-Bermuda/Vetiver-Noir-43975.html,https://fimgs.net/mdimg/perfume/m.43975.jpg,Vetiver Noir ,Royall Lyme Bermuda,male
241,https://www.fragrantica.com/perfume/Mahogany/Amber-41701.html,https://fimgs.net/mdimg/perfume/m.41701.jpg,Amber ,Mahogany,male
242,https://www.fragrantica.com/perfume/Mahogany/Very-Black-56154.html,https://fimgs.net/mdimg/perfume/m.56154.jpg,Very Black ,Mahogany,male
243,https://www.fragrantica.com/perfume/Zara/Tone-Indeterminee-40860.html,https://fimgs.net/mdimg/perfume/m.40860.jpg,Tone Indeterminee ,Zara,male
244,https://www.fragrantica.com/perfume/Atelier-Segall-Barutti/Le-Tabac-Vanilla-69843.html,https://fimgs.net/mdimg/perfume/m.69843.jpg,Le Tabac Vanilla ,Atelier Segall & Barutti,male
245,https://www.fragrantica.com/perfume/Carolina-Herrera/212-VIP-MEN-Pills-38888.html,https://fimgs.net/mdimg/perfume/m.38888.jpg,212 VIP MEN Pills ,Carolina Herrera,male
246,https://www.fragrantica.com/perfume/Faberlic/Celsius-38484.html,https://fimgs.net/mdimg/perfume/m.38484.jpg,Celsius ,Faberlic,male
247,https://www.fragrantica.com/perfume/Boucheron/Boucheron-Quatre-Intense-Pour-Homme-Eau-de-Toilette-68123.html,https://fimgs.net/mdimg/perfume/m.68123.jpg,Boucheron Quatre Intense Pour Homme Eau de Toilette ,Boucheron,male
248,https://www.fragrantica.com/perfume/Detaille/Jump-44140.html,https://fimgs.net/mdimg/perfume/m.44140.jpg,Jump ,Detaille,male
249,https://www.fragrantica.com/perfume/Kokeshi/Tonka-by-Jeremy-Scott-41549.html,https://fimgs.net/mdimg/perfume/m.41549.jpg,Tonka by Jeremy Scott ,Kokeshi,male
250,https://www.fragrantica.com/perfume/Mauboussin/Aequalis-41118.html,https://fimgs.net/mdimg/perfume/m.41118.jpg,Aequalis ,Mauboussin,male
251,https://www.fragrantica.com/perfume/Zara/Ganache-Tonka-45230.html,https://fimgs.net/mdimg/perfume/m.45230.jpg,Ganache Tonka ,Zara,male
252,https://www.fragrantica.com/perfume/Dirk-Bikkembergs/Dirk-38665.html,https://fimgs.net/mdimg/perfume/m.38665.jpg,Dirk ,Dirk Bikkembergs,male
253,https://www.fragrantica.com/perfume/Hugo-Boss/Boss-Bottled-Unlimited-Mats-Hummels-Edition-39242.html,https://fimgs.net/mdimg/perfume/m.39242.jpg,Boss Bottled Unlimited Mats Hummels Edition ,Hugo Boss,male
254,https://www.fragrantica.com/perfume/Zara/Aromatic-Future-40862.html,https://fimgs.net/mdimg/perfume/m.40862.jpg,Aromatic Future ,Zara,male
255,https://www.fragrantica.com/perfume/Giorgio-Armani/Emporio-Armani-Diamonds-Club-for-Him-38912.html,https://fimgs.net/mdimg/perfume/m.38912.jpg,Emporio Armani Diamonds Club for Him  ,Giorgio Armani,male
256,https://www.fragrantica.com/perfume/Jesus-Del-Pozo/Noble-Musk-Nights-32643.html,https://fimgs.net/mdimg/perfume/m.32643.jpg,Noble Musk Nights ,Jesus Del Pozo,male
257,https://www.fragrantica.com/perfume/Avon/Musk-Storm-38449.html,https://fimgs.net/mdimg/perfume/m.38449.jpg,Musk + > Storm ,Avon,male
258,https://www.fragrantica.com/perfume/Zlatan-Ibrahimovic-Parfums/Supreme-Pour-Homme-38349.html,https://fimgs.net/mdimg/perfume/m.38349.jpg,Supreme Pour Homme ,Zlatan Ibrahimovic Parfums,male
259,https://www.fragrantica.com/perfume/LELAS/Lelas-Zain-Oud-62256.html,https://fimgs.net/mdimg/perfume/m.62256.jpg,Lelas Zain Oud ,LELAS,male
260,https://www.fragrantica.com/perfume/Ferrari/Amber-Essence-2016-39891.html,https://fimgs.net/mdimg/perfume/m.39891.jpg,Amber Essence (2016) ,Ferrari,male
261,https://www.fragrantica.com/perfume/Vince-Camuto/Vince-Camuto-Oud-39668.html,https://fimgs.net/mdimg/perfume/m.39668.jpg,Vince Camuto Oud ,Vince Camuto,male
262,https://www.fragrantica.com/perfume/Kenzo/L-Eau-par-Kenzo-Electric-Wave-pour-Homme-35459.html,https://fimgs.net/mdimg/perfume/m.35459.jpg,L'Eau par Kenzo Electric Wave pour Homme ,Kenzo,male
263,https://www.fragrantica.com/perfume/Bruno-Banani/Bruno-Banani-No-Limits-Man-40779.html,https://fimgs.net/mdimg/perfume/m.40779.jpg,Bruno Banani No Limits Man ,Bruno Banani,male
264,https://www.fragrantica.com/perfume/Zara/Zara-Fig-38025.html,https://fimgs.net/mdimg/perfume/m.38025.jpg,Zara Fig ,Zara,male
265,https://www.fragrantica.com/perfume/Paolo-Gigli/Desiderio-38172.html,https://fimgs.net/mdimg/perfume/m.38172.jpg,Desiderio ,Paolo Gigli,male
266,https://www.fragrantica.com/perfume/Oriflame/Venture-Beyond-42851.html,https://fimgs.net/mdimg/perfume/m.42851.jpg,Venture Beyond ,Oriflame,male
267,https://www.fragrantica.com/perfume/s-Oliver/s-Oliver-For-Him-39683.html,https://fimgs.net/mdimg/perfume/m.39683.jpg,s.Oliver For Him ,s.Oliver,male
268,https://www.fragrantica.com/perfume/Hermes/Terre-d-Hermes-Flacon-H-2016-Eau-de-Toilette-35918.html,https://fimgs.net/mdimg/perfume/m.35918.jpg,Terre d'Hermes Flacon H 2016 Eau de Toilette ,Hermès,male
269,https://www.fragrantica.com/perfume/Davidoff/Cool-Water-Exotic-Summer-35371.html,https://fimgs.net/mdimg/perfume/m.35371.jpg,Cool Water Exotic Summer ,Davidoff,male
270,https://www.fragrantica.com/perfume/Adidas/Adidas-UEFA-Champions-League-Arena-Edition-40153.html,https://fimgs.net/mdimg/perfume/m.40153.jpg,Adidas UEFA Champions League Arena Edition ,Adidas,male
271,https://www.fragrantica.com/perfume/Denim/Azure-44548.html,https://fimgs.net/mdimg/perfume/m.44548.jpg,Azure ,Denim,male
272,https://www.fragrantica.com/perfume/AXE/You-52386.html,https://fimgs.net/mdimg/perfume/m.52386.jpg,You ,AXE,male
273,https://www.fragrantica.com/perfume/Jil-Sander/Sun-Men-Fizz-36972.html,https://fimgs.net/mdimg/perfume/m.36972.jpg,Sun Men Fizz ,Jil Sander,male
274,https://www.fragrantica.com/perfume/Oriflame/Giordani-Gold-Notte-Man-48498.html,https://fimgs.net/mdimg/perfume/m.48498.jpg,Giordani Gold Notte Man ,Oriflame,male
275,https://www.fragrantica.com/perfume/LINK/Bedestal-75711.html,https://fimgs.net/mdimg/perfume/m.75711.jpg,Bedestal ,LINK,male
276,https://www.fragrantica.com/perfume/Ermenegildo-Zegna/Z-Zegna-New-York-40296.html,https://fimgs.net/mdimg/perfume/m.40296.jpg,Z Zegna New York ,Ermenegildo Zegna,male
277,https://www.fragrantica.com/perfume/Fila/Fila-for-Men-40973.html,https://fimgs.net/mdimg/perfume/m.40973.jpg,Fila for Men ,Fila,male
278,https://www.fragrantica.com/perfume/Batman/Batman-The-Dark-Night-Rises-40854.html,https://fimgs.net/mdimg/perfume/m.40854.jpg,Batman The Dark Night Rises ,Batman,male
279,https://www.fragrantica.com/perfume/House-Of-Sillage/HoS-N-003-40951.html,https://fimgs.net/mdimg/perfume/m.40951.jpg,HoS N.003 ,House Of Sillage,male
280,https://www.fragrantica.com/perfume/Mandarina-Duck/Black-Red-32400.html,https://fimgs.net/mdimg/perfume/m.32400.jpg,Black & Red ,Mandarina Duck,male
281,https://www.fragrantica.com/perfume/Perry-Ellis/Perry-Ellis-Red-35523.html,https://fimgs.net/mdimg/perfume/m.35523.jpg,Perry Ellis Red ,Perry Ellis,male
282,https://www.fragrantica.com/perfume/Jil-Sander/Strictly-Jil-Sander-Night-40560.html,https://fimgs.net/mdimg/perfume/m.40560.jpg,Strictly Jil Sander Night ,Jil Sander,male
283,https://www.fragrantica.com/perfume/Ajmal/Avid-78550.html,https://fimgs.net/mdimg/perfume/m.78550.jpg,Avid ,Ajmal,male
284,https://www.fragrantica.com/perfume/Natura/Urbano-Noturno-41914.html,https://fimgs.net/mdimg/perfume/m.41914.jpg,#Urbano Noturno ,Natura,male
285,https://www.fragrantica.com/perfume/Ricardo-Ramos-Perfumes-de-Autor/ZirYab-45157.html,https://fimgs.net/mdimg/perfume/m.45157.jpg,ZirYab ,Ricardo Ramos Perfumes de Autor,male
286,https://www.fragrantica.com/perfume/Armaf/Enchanted-Royal-68056.html,https://fimgs.net/mdimg/perfume/m.68056.jpg,Enchanted Royal ,Armaf,male
287,https://www.fragrantica.com/perfume/Zara/Ambre-Noble-40859.html,https://fimgs.net/mdimg/perfume/m.40859.jpg,Ambre Noble ,Zara,male
288,https://www.fragrantica.com/perfume/Animale/Animale-Instinct-Homme-56723.html,https://fimgs.net/mdimg/perfume/m.56723.jpg,Animale Instinct Homme ,Animale,male
289,https://www.fragrantica.com/perfume/12-Parfumeurs-Francais/Luxembourg-42912.html,https://fimgs.net/mdimg/perfume/m.42912.jpg,Luxembourg ,12 Parfumeurs Francais,male
290,https://www.fragrantica.com/perfume/Zara/Zara-W-END-till-12-00-AM-39160.html,https://fimgs.net/mdimg/perfume/m.39160.jpg,Zara W/END till 12:00 AM ,Zara,male
291,https://www.fragrantica.com/perfume/Tom-Tailor/Tom-Tailor-Exclusive-Man-39634.html,https://fimgs.net/mdimg/perfume/m.39634.jpg,Tom Tailor Exclusive Man ,Tom Tailor,male
292,https://www.fragrantica.com/perfume/Donna-Karan/DKNY-Men-Summer-2016-37861.html,https://fimgs.net/mdimg/perfume/m.37861.jpg,DKNY Men Summer 2016 ,Donna Karan,male
293,https://www.fragrantica.com/perfume/Yodeyma/Acqua-Per-Uomo-76600.html,https://fimgs.net/mdimg/perfume/m.76600.jpg,Acqua Per Uomo ,Yodeyma,male
294,https://www.fragrantica.com/perfume/Avon/Avon-Life-by-Kenzo-Takada-for-Him-39830.html,https://fimgs.net/mdimg/perfume/m.39830.jpg,Avon Life by Kenzo Takada for Him ,Avon,male
295,https://www.fragrantica.com/perfume/Ermenegildo-Zegna/Amber-Gold-37904.html,https://fimgs.net/mdimg/perfume/m.37904.jpg,Amber Gold ,Ermenegildo Zegna,male
296,https://www.fragrantica.com/perfume/Ermenegildo-Zegna/Incense-Gold-37905.html,https://fimgs.net/mdimg/perfume/m.37905.jpg,Incense Gold ,Ermenegildo Zegna,male
297,https://www.fragrantica.com/perfume/Joseph-Abboud/Black-Linen-39208.html,https://fimgs.net/mdimg/perfume/m.39208.jpg,Black Linen ,Joseph Abboud,male
298,https://www.fragrantica.com/perfume/Carolina-Herrera/212-Sexy-Men-Pills-38886.html,https://fimgs.net/mdimg/perfume/m.38886.jpg,212 Sexy Men Pills ,Carolina Herrera,male
299,https://www.fragrantica.com/perfume/Michel-Germain/Sexual-Paris-Tendre-Pour-Homme-40571.html,https://fimgs.net/mdimg/perfume/m.40571.jpg,Sexual Paris Tendre Pour Homme ,Michel Germain,male
300,https://www.fragrantica.com/perfume/Zara/Zara-for-Him-Cedar-Wood-39161.html,https://fimgs.net/mdimg/perfume/m.39161.jpg,Zara for Him Cedar Wood ,Zara,male
301,https://www.fragrantica.com/perfume/Calvin-Klein/Eternity-for-Men-Summer-2016-35912.html,https://fimgs.net/mdimg/perfume/m.35912.jpg,Eternity for Men Summer 2016 ,Calvin Klein,male
302,https://www.fragrantica.com/perfume/Police/Forbidden-for-Man-32613.html,https://fimgs.net/mdimg/perfume/m.32613.jpg,Forbidden for Man ,Police,male
303,https://www.fragrantica.com/perfume/Collistar/Vetiver-Forte-40962.html,https://fimgs.net/mdimg/perfume/m.40962.jpg,Vetiver Forte ,Collistar,male
304,https://www.fragrantica.com/perfume/Atelier-Segall-Barutti/Bordeaux-Male-60885.html,https://fimgs.net/mdimg/perfume/m.60885.jpg,Bordeaux Male ,Atelier Segall & Barutti,male
305,https://www.fragrantica.com/perfume/Marvel/Deadpool-45634.html,https://fimgs.net/mdimg/perfume/m.45634.jpg,Deadpool ,Marvel,male
306,https://www.fragrantica.com/perfume/Pedro-Del-Hierro/Pedro-del-Hierro-Eau-Fraiche-45262.html,https://fimgs.net/mdimg/perfume/m.45262.jpg,Pedro del Hierro Eau Fraîche ,Pedro Del Hierro,male
307,https://www.fragrantica.com/perfume/Cartier/Declaration-Fraiche-38678.html,https://fimgs.net/mdimg/perfume/m.38678.jpg,Declaration Fraiche ,Cartier,male
308,https://www.fragrantica.com/perfume/Mahogany/Elegance-41702.html,https://fimgs.net/mdimg/perfume/m.41702.jpg,Elegance ,Mahogany,male
309,https://www.fragrantica.com/perfume/Junaid-Jamshed/Musk-e-Shaheer-41921.html,https://fimgs.net/mdimg/perfume/m.41921.jpg,Musk-e-Shaheer ,Junaid Jamshed,male
310,https://www.fragrantica.com/perfume/Yodeyma/Beach-76604.html,https://fimgs.net/mdimg/perfume/m.76604.jpg,Beach ,Yodeyma,male
311,https://www.fragrantica.com/perfume/Cologne-Zation/Spices-Wacapou-Wood-47376.html,https://fimgs.net/mdimg/perfume/m.47376.jpg,Spices & Wacapou Wood ,Cologne-Zation,male
312,https://www.fragrantica.com/perfume/Zara/Zara-Vetiver-38026.html,https://fimgs.net/mdimg/perfume/m.38026.jpg,Zara Vetiver ,Zara,male
313,https://www.fragrantica.com/perfume/Ricardo-Ramos-Perfumes-de-Autor/ZirYab-Peppermint-45183.html,https://fimgs.net/mdimg/perfume/m.45183.jpg,ZirYab Peppermint ,Ricardo Ramos Perfumes de Autor,male
314,https://www.fragrantica.com/perfume/Zara/Wood-Noir-40858.html,https://fimgs.net/mdimg/perfume/m.40858.jpg,Wood Noir ,Zara,male
315,https://www.fragrantica.com/perfume/Frank-Los-Angeles/Frank-No-3-8227.html,https://fimgs.net/mdimg/perfume/m.8227.jpg,Frank No.3 ,Frank Los Angeles,male
316,https://www.fragrantica.com/perfume/Claude-Marsal-Parfums/Le-Violon-49858.html,https://fimgs.net/mdimg/perfume/m.49858.jpg,Le Violon ,Claude Marsal Parfums,male
317,https://www.fragrantica.com/perfume/Aramis/Voyager-39608.html,https://fimgs.net/mdimg/perfume/m.39608.jpg,Voyager ,Aramis,male
318,https://www.fragrantica.com/perfume/The-Art-Of-Shaving/Oud-Suede-Cologne-Intense-42177.html,https://fimgs.net/mdimg/perfume/m.42177.jpg,Oud Suede Cologne Intense ,The Art Of Shaving,male
319,https://www.fragrantica.com/perfume/Avon/Destination-Wilderness-42159.html,https://fimgs.net/mdimg/perfume/m.42159.jpg,Destination Wilderness ,Avon,male
320,https://www.fragrantica.com/perfume/Zara/Zara-Sandalwood-38027.html,https://fimgs.net/mdimg/perfume/m.38027.jpg,Zara Sandalwood ,Zara,male
321,https://www.fragrantica.com/perfume/Parfums-Marco-Serussi/The-Man-Intense-43709.html,https://fimgs.net/mdimg/perfume/m.43709.jpg,The Man Intense ,Parfums Marco Serussi,male
322,https://www.fragrantica.com/perfume/Atelier-Segall-Barutti/Le-Tabac-Citrus-60881.html,https://fimgs.net/mdimg/perfume/m.60881.jpg,Le Tabac & Citrus ,Atelier Segall & Barutti,male
323,https://www.fragrantica.com/perfume/IKKS/IKKS-Young-Man-10099.html,https://fimgs.net/mdimg/perfume/m.10099.jpg,IKKS Young Man ,IKKS,male
324,https://www.fragrantica.com/perfume/Mexx/LOOK-UP-NOW-Life-Is-Surprising-For-Him-39482.html,https://fimgs.net/mdimg/perfume/m.39482.jpg,LOOK UP NOW: Life Is Surprising For Him ,Mexx,male
325,https://www.fragrantica.com/perfume/Faberlic/8-Element-Sport-50614.html,https://fimgs.net/mdimg/perfume/m.50614.jpg,8 Element Sport ,Faberlic,male
326,https://www.fragrantica.com/perfume/Hermes/Terre-d-Hermes-Flacon-H-2016-Parfum-35917.html,https://fimgs.net/mdimg/perfume/m.35917.jpg,Terre d'Hermes Flacon H 2016 Parfum ,Hermès,male
327,https://www.fragrantica.com/perfume/Zara/Aquatic-Mind-40861.html,https://fimgs.net/mdimg/perfume/m.40861.jpg,Aquatic Mind ,Zara,male
328,https://www.fragrantica.com/perfume/Abercrombie-Fitch/Oud-Amour-41980.html,https://fimgs.net/mdimg/perfume/m.41980.jpg,Oud Amour ,Abercrombie & Fitch,male
329,https://www.fragrantica.com/perfume/Regalien/Aqua-Notte-43837.html,https://fimgs.net/mdimg/perfume/m.43837.jpg,Aqua Notte ,Regalien,male
330,https://www.fragrantica.com/perfume/Tommy-Hilfiger/Tommy-Summer-2016-42437.html,https://fimgs.net/mdimg/perfume/m.42437.jpg,Tommy Summer 2016 ,Tommy Hilfiger,male
331,https://www.fragrantica.com/perfume/Teo-Cabanel/Jaspe-40393.html,https://fimgs.net/mdimg/perfume/m.40393.jpg,Jaspe ,Teo Cabanel,male
332,https://www.fragrantica.com/perfume/Etienne-Aigner/Aigner-Blue-41680.html,https://fimgs.net/mdimg/perfume/m.41680.jpg,Aigner Blue ,Etienne Aigner,male
333,https://www.fragrantica.com/perfume/The-Art-Of-Shaving/Sandalwood-and-Cypress-Cologne-Intense-42173.html,https://fimgs.net/mdimg/perfume/m.42173.jpg,Sandalwood and Cypress Cologne Intense ,The Art Of Shaving,male
334,https://www.fragrantica.com/perfume/Sergio-Tacchini/Club-Edition-Monte-Carlo-38527.html,https://fimgs.net/mdimg/perfume/m.38527.jpg,Club Edition Monte-Carlo ,Sergio Tacchini,male
335,https://www.fragrantica.com/perfume/Zara/Zara-Unshakable-41966.html,https://fimgs.net/mdimg/perfume/m.41966.jpg,Zara Unshakable ,Zara,male
336,https://www.fragrantica.com/perfume/Mary-Kay/Upbeat-for-Him-37967.html,https://fimgs.net/mdimg/perfume/m.37967.jpg,Upbeat for Him ,Mary Kay,male
337,https://www.fragrantica.com/perfume/Omerta/Golden-Challenge-62294.html,https://fimgs.net/mdimg/perfume/m.62294.jpg,Golden Challenge ,Omerta,male
338,https://www.fragrantica.com/perfume/Fiorucci/Chrome-38076.html,https://fimgs.net/mdimg/perfume/m.38076.jpg,Chrome ,Fiorucci,male
339,https://www.fragrantica.com/perfume/The-Art-Of-Shaving/Green-Lavender-Cologne-Intense-42174.html,https://fimgs.net/mdimg/perfume/m.42174.jpg,Green Lavender Cologne Intense ,The Art Of Shaving,male
340,https://www.fragrantica.com/perfume/Oriflame/Happydisiac-Man-37197.html,https://fimgs.net/mdimg/perfume/m.37197.jpg,Happydisiac Man ,Oriflame,male
341,https://www.fragrantica.com/perfume/Marc-Joseph/Mine-Noir-1950-Paris-48920.html,https://fimgs.net/mdimg/perfume/m.48920.jpg,Mine Noir 1950 Paris ,Marc Joseph,male
342,https://www.fragrantica.com/perfume/Chatillon-Lux-Parfums/Gratiot-League-Square-48696.html,https://fimgs.net/mdimg/perfume/m.48696.jpg,Gratiot League Square ,Chatillon Lux Parfums,male
343,https://www.fragrantica.com/perfume/Annayake/Kimitsu-for-Him-41979.html,https://fimgs.net/mdimg/perfume/m.41979.jpg,Kimitsu for Him ,Annayake,male
344,https://www.fragrantica.com/perfume/Brocard/Secret-Service-Legend-42582.html,https://fimgs.net/mdimg/perfume/m.42582.jpg,Secret Service Legend ,Brocard,male
345,https://www.fragrantica.com/perfume/Scorpio/Scorpio-Collection-Night-45516.html,https://fimgs.net/mdimg/perfume/m.45516.jpg,Scorpio Collection Night ,Scorpio,male
346,https://www.fragrantica.com/perfume/Korres/L-eau-de-Parfum-20-41273.html,https://fimgs.net/mdimg/perfume/m.41273.jpg,L'eau de Parfum 20 ,Korres,male
347,https://www.fragrantica.com/perfume/Antonio-Rossini/Tuscan-40848.html,https://fimgs.net/mdimg/perfume/m.40848.jpg,Tuscan ,Antonio Rossini,male
348,https://www.fragrantica.com/perfume/Olivina-Men/Bourbon-Cedar-Cologne-49035.html,https://fimgs.net/mdimg/perfume/m.49035.jpg,Bourbon Cedar Cologne ,Olivina Men,male
349,https://www.fragrantica.com/perfume/Adolfo-Dominguez/Agua-de-Bambu-Exotic-for-Him-45044.html,https://fimgs.net/mdimg/perfume/m.45044.jpg,Agua de Bambu Exotic for Him ,Adolfo Dominguez,male
350,https://www.fragrantica.com/perfume/Jack-Perfume/Piccadilly-69-42346.html,https://fimgs.net/mdimg/perfume/m.42346.jpg,Piccadilly '69 ,Jack Perfume,male
351,https://www.fragrantica.com/perfume/Jequiti/Malte-Bourbon-41911.html,https://fimgs.net/mdimg/perfume/m.41911.jpg,Malte Bourbon ,Jequiti,male
352,https://www.fragrantica.com/perfume/Marc-Joseph/Mine-Noir-1970-Nice-48921.html,https://fimgs.net/mdimg/perfume/m.48921.jpg,Mine Noir 1970 Nice ,Marc Joseph,male
353,https://www.fragrantica.com/perfume/Geo-F-Trumper/San-Remo-Cologne-42092.html,https://fimgs.net/mdimg/perfume/m.42092.jpg,San Remo Cologne ,Geo. F. Trumper,male
354,https://www.fragrantica.com/perfume/Armaf/Rixos-for-Man-68062.html,https://fimgs.net/mdimg/perfume/m.68062.jpg,Rixos for Man ,Armaf,male
355,https://www.fragrantica.com/perfume/Replay/Stone-Supernova-for-Him-40874.html,https://fimgs.net/mdimg/perfume/m.40874.jpg,Stone Supernova for Him ,Replay,male
356,https://www.fragrantica.com/perfume/Star-Wars-Perfumes/Jedi-39069.html,https://fimgs.net/mdimg/perfume/m.39069.jpg,Jedi ,Star Wars Perfumes,male
357,https://www.fragrantica.com/perfume/Oriflame/Incognito-for-Him-38141.html,https://fimgs.net/mdimg/perfume/m.38141.jpg,Incognito for Him ,Oriflame,male
358,https://www.fragrantica.com/perfume/Avon/Homme-34877.html,https://fimgs.net/mdimg/perfume/m.34877.jpg,Homme ,Avon,male
359,https://www.fragrantica.com/perfume/Avon/Elite-Gentleman-Weekend-39759.html,https://fimgs.net/mdimg/perfume/m.39759.jpg,Elite Gentleman Weekend ,Avon,male
360,https://www.fragrantica.com/perfume/The-Dua-Brand/Vert-Gentilhomme-86691.html,https://fimgs.net/mdimg/perfume/m.86691.jpg,Vert Gentilhomme ,The Dua Brand,male
361,https://www.fragrantica.com/perfume/Blood-Concept/XY-Nude-Wood-41037.html,https://fimgs.net/mdimg/perfume/m.41037.jpg,XY Nude Wood ,Blood Concept,male
362,https://www.fragrantica.com/perfume/Esika/Intrepid-36669.html,https://fimgs.net/mdimg/perfume/m.36669.jpg,Intrepid ,Ésika,male
363,https://www.fragrantica.com/perfume/Loewe/7-Loewe-Sport-Edicion-Especial-39313.html,https://fimgs.net/mdimg/perfume/m.39313.jpg,7 Loewe Sport Edicion Especial ,Loewe,male
364,https://www.fragrantica.com/perfume/Karl-Lagerfeld/Ocean-View-For-Men-35571.html,https://fimgs.net/mdimg/perfume/m.35571.jpg,Ocean View For Men ,Karl Lagerfeld,male
365,https://www.fragrantica.com/perfume/Oriflame/S8-Icon-40668.html,https://fimgs.net/mdimg/perfume/m.40668.jpg,S8 Icon ,Oriflame,male
366,https://www.fragrantica.com/perfume/Emper/Diamond-Pour-Homme-Vivarea-64176.html,https://fimgs.net/mdimg/perfume/m.64176.jpg,Diamond Pour Homme Vivarea ,Emper,male
367,https://www.fragrantica.com/perfume/Zara/Impact-Masculin-41962.html,https://fimgs.net/mdimg/perfume/m.41962.jpg,Impact Masculin ,Zara,male
368,https://www.fragrantica.com/perfume/Zippo-Fragrances/Zippo-GLORIOU-S-36895.html,https://fimgs.net/mdimg/perfume/m.36895.jpg,Zippo GLORIOU.S. ,Zippo Fragrances,male
369,https://www.fragrantica.com/perfume/Ermenegildo-Zegna/Z-Zegna-Shanghai-40295.html,https://fimgs.net/mdimg/perfume/m.40295.jpg,Z Zegna Shanghai ,Ermenegildo Zegna,male
370,https://www.fragrantica.com/perfume/Benetton/Just-United-38617.html,https://fimgs.net/mdimg/perfume/m.38617.jpg,Just United ,Benetton,male
371,https://www.fragrantica.com/perfume/Star-Wars-Perfumes/Empire-39068.html,https://fimgs.net/mdimg/perfume/m.39068.jpg,Empire ,Star Wars Perfumes,male
372,https://www.fragrantica.com/perfume/The-Art-Of-Shaving/Vetiver-Citron-Cologne-Intense-42175.html,https://fimgs.net/mdimg/perfume/m.42175.jpg,Vetiver Citron Cologne Intense ,The Art Of Shaving,male
373,https://www.fragrantica.com/perfume/Atelier-Segall-Barutti/Vetiver-Musc-Gold-60606.html,https://fimgs.net/mdimg/perfume/m.60606.jpg,Vetiver Musc Gold ,Atelier Segall & Barutti,male
374,https://www.fragrantica.com/perfume/Paolo-Gigli/Orgoglio-38171.html,https://fimgs.net/mdimg/perfume/m.38171.jpg,Orgoglio ,Paolo Gigli,male
375,https://www.fragrantica.com/perfume/Zara/Zara-Unbreakable-41965.html,https://fimgs.net/mdimg/perfume/m.41965.jpg,Zara Unbreakable ,Zara,male
376,https://www.fragrantica.com/perfume/Emanuel-Ungaro/Ungaro-Power-37374.html,https://fimgs.net/mdimg/perfume/m.37374.jpg,Ungaro Power ,Emanuel Ungaro,male
377,https://www.fragrantica.com/perfume/Bentley/Lalique-For-Bentley-Blue-Crystal-Edition-43566.html,https://fimgs.net/mdimg/perfume/m.43566.jpg,Lalique For Bentley Blue Crystal Edition ,Bentley,male
378,https://www.fragrantica.com/perfume/Lonkoom-Parfum/Charm-For-Men-38906.html,https://fimgs.net/mdimg/perfume/m.38906.jpg,Charm For Men ,Lonkoom Parfum,male
379,https://www.fragrantica.com/perfume/Aurora-Scents/Adore-61529.html,https://fimgs.net/mdimg/perfume/m.61529.jpg,Adore ,Aurora Scents,male
380,https://www.fragrantica.com/perfume/Begim/Bukhara-Spirit-For-Man-45716.html,https://fimgs.net/mdimg/perfume/m.45716.jpg,Bukhara Spirit For Man ,Begim,male
381,https://www.fragrantica.com/perfume/Loewe/Esencia-Loewe-Sport-Edicion-Especial-39311.html,https://fimgs.net/mdimg/perfume/m.39311.jpg,Esencia Loewe Sport Edicion Especial ,Loewe,male
382,https://www.fragrantica.com/perfume/Zara/Star-Wars-39173.html,https://fimgs.net/mdimg/perfume/m.39173.jpg,Star Wars ,Zara,male
383,https://www.fragrantica.com/perfume/Yardley/1770-35295.html,https://fimgs.net/mdimg/perfume/m.35295.jpg,1770 ,Yardley,male
384,https://www.fragrantica.com/perfume/Abercrombie-Fitch/Endeavor-40776.html,https://fimgs.net/mdimg/perfume/m.40776.jpg,Endeavor ,Abercrombie & Fitch,male
385,https://www.fragrantica.com/perfume/Avon/Mesmerize-Red-for-Him-43008.html,https://fimgs.net/mdimg/perfume/m.43008.jpg,Mesmerize Red for Him ,Avon,male
386,https://www.fragrantica.com/perfume/EastWest-Bottlers/G-I-Joe-Cologne-47280.html,https://fimgs.net/mdimg/perfume/m.47280.jpg,G.I. Joe Cologne ,EastWest Bottlers,male
387,https://www.fragrantica.com/perfume/Louis-Cardin/La-Viola-Homme-43125.html,https://fimgs.net/mdimg/perfume/m.43125.jpg,La Viola Homme ,Louis Cardin,male
388,https://www.fragrantica.com/perfume/Claude-Marsal-Parfums/La-Danse-49849.html,https://fimgs.net/mdimg/perfume/m.49849.jpg,La Danse ,Claude Marsal Parfums,male
389,https://www.fragrantica.com/perfume/Atelier-Segall-Barutti/Mimosa-Tonka-69854.html,https://fimgs.net/mdimg/perfume/m.69854.jpg,Mimosa & Tonka ,Atelier Segall & Barutti,male
390,https://www.fragrantica.com/perfume/Disney/Star-Wars-39079.html,https://fimgs.net/mdimg/perfume/m.39079.jpg,Star Wars ,Disney,male
391,https://www.fragrantica.com/perfume/Avon/X-Series-Force-58680.html,https://fimgs.net/mdimg/perfume/m.58680.jpg,X-Series Force ,Avon,male
392,https://www.fragrantica.com/perfume/SUES-SKIND/Black-Influence-50126.html,https://fimgs.net/mdimg/perfume/m.50126.jpg,Black Influence ,SÜS-SKÏND,male
393,https://www.fragrantica.com/perfume/Claude-Marsal-Parfums/Le-Concerto-49856.html,https://fimgs.net/mdimg/perfume/m.49856.jpg,Le Concerto ,Claude Marsal Parfums,male
394,https://www.fragrantica.com/perfume/The-Dua-Brand/Ocean-Mist-Men-86427.html,https://fimgs.net/mdimg/perfume/m.86427.jpg,Ocean Mist Men ,The Dua Brand,male
395,https://www.fragrantica.com/perfume/Marc-Joseph/MJ-Man-48922.html,https://fimgs.net/mdimg/perfume/m.48922.jpg,MJ Man ,Marc Joseph,male
396,https://www.fragrantica.com/perfume/Gallagher-Fragrances/THAT-Guy-40025.html,https://fimgs.net/mdimg/perfume/m.40025.jpg,THAT Guy ,Gallagher Fragrances,male
397,https://www.fragrantica.com/perfume/Victoria-s-Secret/Desire-56312.html,https://fimgs.net/mdimg/perfume/m.56312.jpg,Desire ,Victoria's Secret,male
398,https://www.fragrantica.com/perfume/Eudora/Carbon-Cromo-58498.html,https://fimgs.net/mdimg/perfume/m.58498.jpg,Carbon Cromo ,Eudora,male
399,https://www.fragrantica.com/perfume/Tufi-Duek/Forum-Red-Denim-66031.html,https://fimgs.net/mdimg/perfume/m.66031.jpg,Forum Red Denim ,Tufi Duek,male
400,https://www.fragrantica.com/perfume/Parli-Parfum/Man-Independent-Sunset-50520.html,https://fimgs.net/mdimg/perfume/m.50520.jpg,Man Independent Sunset ,Parli Parfum,male
401,https://www.fragrantica.com/perfume/Note-Fragrances/Bergamot-Bleu-39395.html,https://fimgs.net/mdimg/perfume/m.39395.jpg,Bergamot Bleu ,Note Fragrances,male
402,https://www.fragrantica.com/perfume/David-Beckham/Aqua-Classic-35019.html,https://fimgs.net/mdimg/perfume/m.35019.jpg,Aqua Classic ,David Beckham,male
403,https://www.fragrantica.com/perfume/Omerta/Golden-Challenge-Limited-62293.html,https://fimgs.net/mdimg/perfume/m.62293.jpg,Golden Challenge Limited ,Omerta,male
404,https://www.fragrantica.com/perfume/La-Martina/Suerte-41757.html,https://fimgs.net/mdimg/perfume/m.41757.jpg,Suerte ,La Martina,male
405,https://www.fragrantica.com/perfume/Chaugan/Fleur-de-Pavot-37928.html,https://fimgs.net/mdimg/perfume/m.37928.jpg,Fleur de Pavot ,Chaugan,male
406,https://www.fragrantica.com/perfume/Star-Wars-Perfumes/Rogue-One-42178.html,https://fimgs.net/mdimg/perfume/m.42178.jpg,Rogue One ,Star Wars Perfumes,male
407,https://www.fragrantica.com/perfume/Henry-Jacques/HJ-100-49960.html,https://fimgs.net/mdimg/perfume/m.49960.jpg,HJ 100 ,Henry Jacques,male
408,https://www.fragrantica.com/perfume/Claude-Marsal-Parfums/La-Chanson-49848.html,https://fimgs.net/mdimg/perfume/m.49848.jpg,La Chanson ,Claude Marsal Parfums,male
409,https://www.fragrantica.com/perfume/Mine-Perfume-Lab/Chileme-51897.html,https://fimgs.net/mdimg/perfume/m.51897.jpg,Chileme ,Mine Perfume Lab,male
410,https://www.fragrantica.com/perfume/Loewe/Solo-Loewe-Sport-Edicion-Especial-39312.html,https://fimgs.net/mdimg/perfume/m.39312.jpg,Solo Loewe Sport Edicion Especial ,Loewe,male
411,https://www.fragrantica.com/perfume/Beautydrugs/Antidot-by-Timati-42325.html,https://fimgs.net/mdimg/perfume/m.42325.jpg,Antidot by Timati ,Beautydrugs,male
412,https://www.fragrantica.com/perfume/Faberlic/Cruiser-Extreme-41657.html,https://fimgs.net/mdimg/perfume/m.41657.jpg,Cruiser Extreme ,Faberlic,male
413,https://www.fragrantica.com/perfume/The-Art-Of-Shaving/Coriander-and-Cardamom-Cologne-Intense-42176.html,https://fimgs.net/mdimg/perfume/m.42176.jpg,Coriander and Cardamom Cologne Intense ,The Art Of Shaving,male
414,https://www.fragrantica.com/perfume/Jequiti/Luan-Santana-VIP-41725.html,https://fimgs.net/mdimg/perfume/m.41725.jpg,Luan Santana VIP ,Jequiti,male
415,https://www.fragrantica.com/perfume/LR/Bruce-Willis-Personal-Edition-Winter-Edition-41961.html,https://fimgs.net/mdimg/perfume/m.41961.jpg,Bruce Willis Personal Edition Winter Edition ,LR,male
416,https://www.fragrantica.com/perfume/Terre-del-Garda/Bali-38981.html,https://fimgs.net/mdimg/perfume/m.38981.jpg,Bali ,Terre del Garda,male
417,https://www.fragrantica.com/perfume/Hollister/Indigo-Falls-42139.html,https://fimgs.net/mdimg/perfume/m.42139.jpg,Indigo Falls ,Hollister,male
418,https://www.fragrantica.com/perfume/Puma/Cross-The-Line-48731.html,https://fimgs.net/mdimg/perfume/m.48731.jpg,Cross The Line ,Puma,male
419,https://www.fragrantica.com/perfume/Puma/Push-The-Heat-48729.html,https://fimgs.net/mdimg/perfume/m.48729.jpg,Push The Heat ,Puma,male
420,https://www.fragrantica.com/perfume/Puma/Shake-The-Night-48728.html,https://fimgs.net/mdimg/perfume/m.48728.jpg,Shake The Night ,Puma,male
421,https://www.fragrantica.com/perfume/Parli-Parfum/Man-Independent-Ocean-50517.html,https://fimgs.net/mdimg/perfume/m.50517.jpg,Man Independent Ocean ,Parli Parfum,male
422,https://www.fragrantica.com/perfume/Avon/Aqua-Intense-40280.html,https://fimgs.net/mdimg/perfume/m.40280.jpg,Aqua Intense ,Avon,male
423,https://www.fragrantica.com/perfume/Everlast/Rebel-For-Life-85133.html,https://fimgs.net/mdimg/perfume/m.85133.jpg,Rebel For Life ,Everlast,male
424,https://www.fragrantica.com/perfume/Alford-Hoff/Alford-Hoff-No-3-84393.html,https://fimgs.net/mdimg/perfume/m.84393.jpg,Alford & Hoff No 3 ,Alford & Hoff,male
425,https://www.fragrantica.com/perfume/Pacoroca/Pacoroca-For-Him-48923.html,https://fimgs.net/mdimg/perfume/m.48923.jpg,Pacoroca For Him ,Pacoroca,male
426,https://www.fragrantica.com/perfume/Abercrombie-Fitch/A-F-Northeast-38015.html,https://fimgs.net/mdimg/perfume/m.38015.jpg,A & F Northeast ,Abercrombie & Fitch,male
427,https://www.fragrantica.com/perfume/Bombay-Perfumery/Les-Cayes-43726.html,https://fimgs.net/mdimg/perfume/m.43726.jpg,Les Cayes ,Bombay Perfumery,male
428,https://www.fragrantica.com/perfume/Abercrombie-Fitch/Oud-Nuit-41982.html,https://fimgs.net/mdimg/perfume/m.41982.jpg,Oud Nuit ,Abercrombie & Fitch,male
429,https://www.fragrantica.com/perfume/SUES-SKIND/Silk-50129.html,https://fimgs.net/mdimg/perfume/m.50129.jpg,Silk ,SÜS-SKÏND,male
430,https://www.fragrantica.com/perfume/Le-Re-Noir/126-Tabac-Du-Chaman-49931.html,https://fimgs.net/mdimg/perfume/m.49931.jpg,#126 Tabac Du Chaman ,Le Ré Noir,male
431,https://www.fragrantica.com/perfume/Nimere-Parfums/English-Novel-42407.html,https://fimgs.net/mdimg/perfume/m.42407.jpg,English Novel ,Nimere Parfums,male
432,https://www.fragrantica.com/perfume/Van-Gils/Elite-40881.html,https://fimgs.net/mdimg/perfume/m.40881.jpg,Elite ,Van Gils,male
433,https://www.fragrantica.com/perfume/Christopher-Hanlon/Silver-Penny-68375.html,https://fimgs.net/mdimg/perfume/m.68375.jpg,Silver Penny ,Christopher Hanlon,male
434,https://www.fragrantica.com/perfume/SUES-SKIND/Fresh-Skind-50131.html,https://fimgs.net/mdimg/perfume/m.50131.jpg,Fresh-Skïnd ,SÜS-SKÏND,male
435,https://www.fragrantica.com/perfume/Bombay-Perfumery/Calicut-43722.html,https://fimgs.net/mdimg/perfume/m.43722.jpg,Calicut ,Bombay Perfumery,male
436,https://www.fragrantica.com/perfume/Al-Zahra/Incense-Oud-65188.html,https://fimgs.net/mdimg/perfume/m.65188.jpg,Incense Oud ,Al Zahra,male
437,https://www.fragrantica.com/perfume/Playboy/Playboy-Vip-Blue-57168.html,https://fimgs.net/mdimg/perfume/m.57168.jpg,Playboy Vip Blue ,Playboy,male
438,https://www.fragrantica.com/perfume/Comptoir-Cologne/Gingembre-et-Vetiver-42834.html,https://fimgs.net/mdimg/perfume/m.42834.jpg,Gingembre et Vétiver ,Comptoir Cologne,male
439,https://www.fragrantica.com/perfume/Comptoir-Cologne/Noble-Neroli-42832.html,https://fimgs.net/mdimg/perfume/m.42832.jpg,Noble Néroli ,Comptoir Cologne,male
440,https://www.fragrantica.com/perfume/Loewe/Loewe-Pour-Homme-Sport-Edicion-Especial-39310.html,https://fimgs.net/mdimg/perfume/m.39310.jpg,Loewe Pour Homme Sport Edicion Especial ,Loewe,male
441,https://www.fragrantica.com/perfume/Begim/Samarkand-Spirit-for-Man-45698.html,https://fimgs.net/mdimg/perfume/m.45698.jpg,Samarkand Spirit for Man ,Begim,male
442,https://www.fragrantica.com/perfume/Sergio-Nero/Admiral-Triumph-101914.html,https://fimgs.net/mdimg/perfume/m.101914.jpg,Admiral Triumph ,Sergio Nero,male
443,https://www.fragrantica.com/perfume/Handsome-London/Redchurch-38721.html,https://fimgs.net/mdimg/perfume/m.38721.jpg,Redchurch ,Handsome London,male
444,https://www.fragrantica.com/perfume/Profile/18-Amber-Wood-39377.html,https://fimgs.net/mdimg/perfume/m.39377.jpg,18 Amber Wood ,Profile,male
445,https://www.fragrantica.com/perfume/EastWest-Bottlers/Moonshine-Reserve-47281.html,https://fimgs.net/mdimg/perfume/m.47281.jpg,Moonshine Reserve ,EastWest Bottlers,male
446,https://www.fragrantica.com/perfume/Eudora/TRIP-na-Estrada-41838.html,https://fimgs.net/mdimg/perfume/m.41838.jpg,TRIP na Estrada ,Eudora,male
447,https://www.fragrantica.com/perfume/Al-Musbah/Smart-Noir-46438.html,https://fimgs.net/mdimg/perfume/m.46438.jpg,Smart Noir ,Al Musbah,male
448,https://www.fragrantica.com/perfume/Bombay-Perfumery/Sulawesi-43728.html,https://fimgs.net/mdimg/perfume/m.43728.jpg,Sulawesi ,Bombay Perfumery,male
449,https://www.fragrantica.com/perfume/Lui-Niche/Mirage-40844.html,https://fimgs.net/mdimg/perfume/m.40844.jpg,Mirage ,Lui Niche,male
450,https://www.fragrantica.com/perfume/Junaid-Jamshed/Dark-Night-37803.html,https://fimgs.net/mdimg/perfume/m.37803.jpg,Dark Night ,Junaid Jamshed,male
451,https://www.fragrantica.com/perfume/Le-Re-Noir/116-Vetiver-di-Genova-49932.html,https://fimgs.net/mdimg/perfume/m.49932.jpg,#116 Vetiver di Genova ,Le Ré Noir,male
452,https://www.fragrantica.com/perfume/Louis-Cardin/Original-Oud-43127.html,https://fimgs.net/mdimg/perfume/m.43127.jpg,Original Oud ,Louis Cardin,male
453,https://www.fragrantica.com/perfume/Erik-Kormann/Abrakabarber-45744.html,https://fimgs.net/mdimg/perfume/m.45744.jpg,Abrakabarber ,Erik Kormann,male
454,https://www.fragrantica.com/perfume/L-acqua-di-Fiori/Vet-312-41916.html,https://fimgs.net/mdimg/perfume/m.41916.jpg,Vet 312 ,L'acqua di Fiori,male
455,https://www.fragrantica.com/perfume/Abdul-Karim-Al-Faransi/Mukhallat-di-Corleone-42372.html,https://fimgs.net/mdimg/perfume/m.42372.jpg,Mukhallat di Corleone ,Abdul Karim Al Faransi,male
456,https://www.fragrantica.com/perfume/Avon/Individual-Blue-You-71293.html,https://fimgs.net/mdimg/perfume/m.71293.jpg,Individual Blue You. ,Avon,male
457,https://www.fragrantica.com/perfume/Bic/DOT-Collection-12-40035.html,https://fimgs.net/mdimg/perfume/m.40035.jpg,DOT Collection 12 ,Bic,male
458,https://www.fragrantica.com/perfume/Bic/DOT-Collection-2-40034.html,https://fimgs.net/mdimg/perfume/m.40034.jpg,DOT Collection 2 ,Bic,male
459,https://www.fragrantica.com/perfume/Paul-Smith/Paul-Smith-Sunshine-For-Men-2016-37832.html,https://fimgs.net/mdimg/perfume/m.37832.jpg,Paul Smith Sunshine For Men 2016 ,Paul Smith,male
460,https://www.fragrantica.com/perfume/Regalien/Sandal-Harmony-7-43841.html,https://fimgs.net/mdimg/perfume/m.43841.jpg,Sandal Harmony 7 ,Regalien,male
461,https://www.fragrantica.com/perfume/Abercrombie-Fitch/Oud-Essence-41981.html,https://fimgs.net/mdimg/perfume/m.41981.jpg,Oud Essence ,Abercrombie & Fitch,male
462,https://www.fragrantica.com/perfume/Abdul-Karim-Al-Faransi/Amber-4000-36981.html,https://fimgs.net/mdimg/perfume/m.36981.jpg,Amber 4000 ,Abdul Karim Al Faransi,male
463,https://www.fragrantica.com/perfume/Claude-Marsal-Parfums/Le-Piano-49857.html,https://fimgs.net/mdimg/perfume/m.49857.jpg,Le Piano ,Claude Marsal Parfums,male
464,https://www.fragrantica.com/perfume/Otto-Kern/Signature-Speed-34934.html,https://fimgs.net/mdimg/perfume/m.34934.jpg,Signature Speed ,Otto Kern,male
465,https://www.fragrantica.com/perfume/Jequiti/Force-41912.html,https://fimgs.net/mdimg/perfume/m.41912.jpg,Force ,Jequiti,male
466,https://www.fragrantica.com/perfume/Abercrombie-Fitch/A-F-Beacon-40775.html,https://fimgs.net/mdimg/perfume/m.40775.jpg,A & F Beacon ,Abercrombie & Fitch,male
467,https://www.fragrantica.com/perfume/PROUD/Active-76549.html,https://fimgs.net/mdimg/perfume/m.76549.jpg,Active ,PROUD,male
468,https://www.fragrantica.com/perfume/Al-Musbah/Be-Cool-46472.html,https://fimgs.net/mdimg/perfume/m.46472.jpg,Be Cool ,Al Musbah,male
469,https://www.fragrantica.com/perfume/Jequiti/Malte-Single-43020.html,https://fimgs.net/mdimg/perfume/m.43020.jpg,Malte Single ,Jequiti,male
470,https://www.fragrantica.com/perfume/YanFroloff/Cuir-37560.html,https://fimgs.net/mdimg/perfume/m.37560.jpg,Cuir ,YanFroloff,male
471,https://www.fragrantica.com/perfume/Junaid-Jamshed/Core-41899.html,https://fimgs.net/mdimg/perfume/m.41899.jpg,Core ,Junaid Jamshed,male
472,https://www.fragrantica.com/perfume/Gosh/By-Gosh-35022.html,https://fimgs.net/mdimg/perfume/m.35022.jpg,By Gosh ,Gosh,male
473,https://www.fragrantica.com/perfume/Fulton-Roark/Clearwater-39942.html,https://fimgs.net/mdimg/perfume/m.39942.jpg,Clearwater ,Fulton & Roark,male
474,https://www.fragrantica.com/perfume/Ulric-de-Varens/City-Paris-for-Men-38673.html,https://fimgs.net/mdimg/perfume/m.38673.jpg,City Paris for Men ,Ulric de Varens,male
475,https://www.fragrantica.com/perfume/Perfumer-s-Workshop/Zipped-Apollo-13199.html,https://fimgs.net/mdimg/perfume/m.13199.jpg,Zipped Apollo ,Perfumer's Workshop,male
476,https://www.fragrantica.com/perfume/Tru-Fragrances/Oil-Can-Hancock-s-Supreme-Edge-50247.html,https://fimgs.net/mdimg/perfume/m.50247.jpg,Oil Can Hancock's Supreme Edge ,Tru Fragrances,male
477,https://www.fragrantica.com/perfume/M-Micallef/Made-in-Grasse-06130-pour-Homme-71253.html,https://fimgs.net/mdimg/perfume/m.71253.jpg,Made in Grasse 06130 pour Homme ,M. Micallef,male
478,https://www.fragrantica.com/perfume/Otto-Kern/Full-Play-Man-38731.html,https://fimgs.net/mdimg/perfume/m.38731.jpg,Full Play Man ,Otto Kern,male
479,https://www.fragrantica.com/perfume/YanFroloff/Bois-37558.html,https://fimgs.net/mdimg/perfume/m.37558.jpg,Bois ,YanFroloff,male
480,https://www.fragrantica.com/perfume/Parfums-Genty/Ole-Neymar-104306.html,https://fimgs.net/mdimg/perfume/m.104306.jpg,"Ole, Neymar! ",Parfums Genty,male
481,https://www.fragrantica.com/perfume/Sunny-Leone/Lust-for-Him-38712.html,https://fimgs.net/mdimg/perfume/m.38712.jpg,Lust for Him ,Sunny Leone,male
482,https://www.fragrantica.com/perfume/Centurion-Parfums/Valiant-Demenour-38701.html,https://fimgs.net/mdimg/perfume/m.38701.jpg,Valiant Demenour ,Centurion Parfums,male
483,https://www.fragrantica.com/perfume/SUES-SKIND/Gentlemen-50130.html,https://fimgs.net/mdimg/perfume/m.50130.jpg,Gentlemen ,SÜS-SKÏND,male
484,https://www.fragrantica.com/perfume/Sunnamusk/Blue-Eyes-45148.html,https://fimgs.net/mdimg/perfume/m.45148.jpg,Blue Eyes ,Sunnamusk,male
485,https://www.fragrantica.com/perfume/Jequiti/Puro-Malte-41994.html,https://fimgs.net/mdimg/perfume/m.41994.jpg,Puro Malte ,Jequiti,male
486,https://www.fragrantica.com/perfume/Empire-Fragrance/Lyon-s-Legacy-40312.html,https://fimgs.net/mdimg/perfume/m.40312.jpg,Lyon's Legacy ,Empire Fragrance,male
487,https://www.fragrantica.com/perfume/Bic/DOT-Collection-10-40036.html,https://fimgs.net/mdimg/perfume/m.40036.jpg,DOT Collection 10 ,Bic,male
488,https://www.fragrantica.com/perfume/Pacoroca/Hot-Sense-48919.html,https://fimgs.net/mdimg/perfume/m.48919.jpg,Hot Sense ,Pacoroca,male
489,https://www.fragrantica.com/perfume/Jequiti/Bleu-Yacht-Club-43535.html,https://fimgs.net/mdimg/perfume/m.43535.jpg,Bleu Yacht Club ,Jequiti,male
490,https://www.fragrantica.com/perfume/Comptoir-Cologne/Bois-de-Cedre-42831.html,https://fimgs.net/mdimg/perfume/m.42831.jpg,Bois de Cèdre ,Comptoir Cologne,male
491,https://www.fragrantica.com/perfume/Avon/Energy-Fusion-for-Men-38270.html,https://fimgs.net/mdimg/perfume/m.38270.jpg,Energy Fusion for Men ,Avon,male
492,https://www.fragrantica.com/perfume/Perfumer-s-Workshop/Samba-Amber-38004.html,https://fimgs.net/mdimg/perfume/m.38004.jpg,Samba Amber ,Perfumer's Workshop,male
493,https://www.fragrantica.com/perfume/Perfumer-s-Workshop/Zipped-Soho-Noir-13197.html,https://fimgs.net/mdimg/perfume/m.13197.jpg,Zipped Soho Noir ,Perfumer's Workshop,male
494,https://www.fragrantica.com/perfume/Acqua-di-Stresa/Virens-40324.html,https://fimgs.net/mdimg/perfume/m.40324.jpg,Virens ,Acqua di Stresa,male
495,https://www.fragrantica.com/perfume/Centurion-Parfums/Armor-38705.html,https://fimgs.net/mdimg/perfume/m.38705.jpg,Armor ,Centurion Parfums,male
496,https://www.fragrantica.com/perfume/Lotus/Lotus-Fraiche-38662.html,https://fimgs.net/mdimg/perfume/m.38662.jpg,Lotus Fraiche ,Lotus,male
497,https://www.fragrantica.com/perfume/Bic/DOT-Collection-6-40032.html,https://fimgs.net/mdimg/perfume/m.40032.jpg,DOT Collection 6 ,Bic,male
498,https://www.fragrantica.com/perfume/Ricardo-Ramos-Perfumes-de-Autor/ZamBra-45156.html,https://fimgs.net/mdimg/perfume/m.45156.jpg,ZamBra ,Ricardo Ramos Perfumes de Autor,male
499,https://www.fragrantica.com/perfume/Annayake/Niji-For-Him-37836.html,https://fimgs.net/mdimg/perfume/m.37836.jpg,Niji For Him ,Annayake,male
500,https://www.fragrantica.com/perfume/Jequiti/L-Attitude-Tattoo-75376.html,https://fimgs.net/mdimg/perfume/m.75376.jpg,L'Attitude Tattoo ,Jequiti,male
501,https://www.fragrantica.com/perfume/Christian-Richard/Rich-Blend-Royal-For-Men-65399.html,https://fimgs.net/mdimg/perfume/m.65399.jpg,Rich Blend Royal For Men ,Christian Richard,male
502,https://www.fragrantica.com/perfume/Abelha-Rainha/Enigma-Ele-74251.html,https://fimgs.net/mdimg/perfume/m.74251.jpg,Enigma Ele ,Abelha Rainha,male
503,https://www.fragrantica.com/perfume/Le-Re-Noir/129-H-49933.html,https://fimgs.net/mdimg/perfume/m.49933.jpg,#129 «H» ,Le Ré Noir,male
504,https://www.fragrantica.com/perfume/Jequiti/L-Attitude-Musique-41976.html,https://fimgs.net/mdimg/perfume/m.41976.jpg,L'Attitude Musique ,Jequiti,male
505,https://www.fragrantica.com/perfume/Al-Battash-Luxury/Sapphire-39844.html,https://fimgs.net/mdimg/perfume/m.39844.jpg,Sapphire ,Al Battash Luxury,male
506,https://www.fragrantica.com/perfume/Dame-Perfumery/Citrus-Man-38055.html,https://fimgs.net/mdimg/perfume/m.38055.jpg,Citrus Man  ,Dame Perfumery,male
507,https://www.fragrantica.com/perfume/All-Good-Scents/Musk-42491.html,https://fimgs.net/mdimg/perfume/m.42491.jpg,Musk ,All Good Scents,male
508,https://www.fragrantica.com/perfume/YanFroloff/Tabac-37559.html,https://fimgs.net/mdimg/perfume/m.37559.jpg,Tabac ,YanFroloff,male
509,https://www.fragrantica.com/perfume/Esprit/Life-by-ESPRIT-Summer-Edition-Man-2016-35710.html,https://fimgs.net/mdimg/perfume/m.35710.jpg,Life by ESPRIT Summer Edition Man 2016 ,Esprit,male
510,https://www.fragrantica.com/perfume/Bamford/Bamford-1-Cologne-60533.html,https://fimgs.net/mdimg/perfume/m.60533.jpg,Bamford 1 Cologne ,Bamford,male
511,https://www.fragrantica.com/perfume/Puma/Live-Big-48730.html,https://fimgs.net/mdimg/perfume/m.48730.jpg,Live Big ,Puma,male
512,https://www.fragrantica.com/perfume/Jequiti/Prive-Homme-Fortune-41505.html,https://fimgs.net/mdimg/perfume/m.41505.jpg,Privé Homme Fortune ,Jequiti,male
513,https://www.fragrantica.com/perfume/Jequiti/Prive-Homme-Royale-41502.html,https://fimgs.net/mdimg/perfume/m.41502.jpg,Privé Homme Royale ,Jequiti,male
514,https://www.fragrantica.com/perfume/Bic/DOT-Collection-4-40033.html,https://fimgs.net/mdimg/perfume/m.40033.jpg,DOT Collection 4 ,Bic,male
515,https://www.fragrantica.com/perfume/Yardley/English-Blazer-Red-38995.html,https://fimgs.net/mdimg/perfume/m.38995.jpg,English Blazer Red ,Yardley,male
516,https://www.fragrantica.com/perfume/Fogg/Monarch-103182.html,https://fimgs.net/mdimg/perfume/m.103182.jpg,Monarch ,Fogg,male
517,https://www.fragrantica.com/perfume/Jequiti/Tiago-Abravanel-43015.html,https://fimgs.net/mdimg/perfume/m.43015.jpg,Tiago Abravanel ,Jequiti,male
518,https://www.fragrantica.com/perfume/Perfumer-s-Workshop/Zipped-Rebel-13198.html,https://fimgs.net/mdimg/perfume/m.13198.jpg,Zipped Rebel ,Perfumer's Workshop,male
519,https://www.fragrantica.com/perfume/Junaid-Jamshed/Attar-e-Sareer-41920.html,https://fimgs.net/mdimg/perfume/m.41920.jpg,Attar-e-Sareer ,Junaid Jamshed,male
520,https://www.fragrantica.com/perfume/Bruno-Acampora/Collie-Pure-Essence-41063.html,https://fimgs.net/mdimg/perfume/m.41063.jpg,Collie – Pure Essence ,Bruno Acampora,male
521,https://www.fragrantica.com/perfume/Rue21/Beyond-Boundaries-38690.html,https://fimgs.net/mdimg/perfume/m.38690.jpg,Beyond Boundaries ,Rue21,male
522,https://www.fragrantica.com/perfume/Tru-Fragrances/Oil-Can-Hancock-s-Xtra-Fresh-50248.html,https://fimgs.net/mdimg/perfume/m.50248.jpg,Oil Can Hancock's Xtra Fresh ,Tru Fragrances,male
523,https://www.fragrantica.com/perfume/YanFroloff/Pour-Homme-37557.html,https://fimgs.net/mdimg/perfume/m.37557.jpg,Pour Homme ,YanFroloff,male
524,https://www.fragrantica.com/perfume/Mexx/Mexx-Summer-is-Now-Man-35844.html,https://fimgs.net/mdimg/perfume/m.35844.jpg,Mexx Summer is Now Man ,Mexx,male
525,https://www.fragrantica.com/perfume/Al-Zahra/Safari-Oud-65184.html,https://fimgs.net/mdimg/perfume/m.65184.jpg,Safari Oud ,Al Zahra,male
526,https://www.fragrantica.com/perfume/Claude-Marsal-Parfums/Le-Batteur-49855.html,https://fimgs.net/mdimg/perfume/m.49855.jpg,Le Batteur ,Claude Marsal Parfums,male
527,https://www.fragrantica.com/perfume/Glamfume/True-Story-Men-49309.html,https://fimgs.net/mdimg/perfume/m.49309.jpg,True Story Men ,Glamfume,male
528,https://www.fragrantica.com/perfume/Jequiti/L-Attitude-Libre-41975.html,https://fimgs.net/mdimg/perfume/m.41975.jpg,L'Attitude Libre ,Jequiti,male
529,https://www.fragrantica.com/perfume/Junaid-Jamshed/Attar-e-Faraaj-41919.html,https://fimgs.net/mdimg/perfume/m.41919.jpg,Attar-e-Faraaj ,Junaid Jamshed,male
530,https://www.fragrantica.com/perfume/MTV-Perfumes/MTV-Tuned-Man-41540.html,https://fimgs.net/mdimg/perfume/m.41540.jpg,MTV Tuned Man ,MTV Perfumes,male
531,https://www.fragrantica.com/perfume/Vittorio-Bellucci/La-Castello-di-Verde-74101.html,https://fimgs.net/mdimg/perfume/m.74101.jpg,La Castello di Verde ,Vittorio Bellucci,male
532,https://www.fragrantica.com/perfume/Vittorio-Bellucci/Bostone-High-Tec-74098.html,https://fimgs.net/mdimg/perfume/m.74098.jpg,Bostone High Tec ,Vittorio Bellucci,male
533,https://www.fragrantica.com/perfume/Pierre-Alexander/Secrets-Black-63041.html,https://fimgs.net/mdimg/perfume/m.63041.jpg,Secrets Black ,Pierre Alexander,male
534,https://www.fragrantica.com/perfume/Claude-Marsal-Parfums/La-Noche-49853.html,https://fimgs.net/mdimg/perfume/m.49853.jpg,La Noche ,Claude Marsal Parfums,male
535,https://www.fragrantica.com/perfume/Odorata/Absoluto-Live-71400.html,https://fimgs.net/mdimg/perfume/m.71400.jpg,Absoluto Live ,Odorata,male
536,https://www.fragrantica.com/perfume/Abelha-Rainha/K-sual-Ele-63446.html,https://fimgs.net/mdimg/perfume/m.63446.jpg,K|sual Ele ,Abelha Rainha,male
537,https://www.fragrantica.com/perfume/Preeminence/No-1-Rugged-Collection-42149.html,https://fimgs.net/mdimg/perfume/m.42149.jpg,No. 1 Rugged Collection ,Preeminence,male
538,https://www.fragrantica.com/perfume/Fragram-Gramado/Fiero-67413.html,https://fimgs.net/mdimg/perfume/m.67413.jpg,Fiero ,Fragram Gramado,male
539,https://www.fragrantica.com/perfume/Mazhu-Kozhu-Mazu-Kozu/Apatite-Apatit-53748.html,https://fimgs.net/mdimg/perfume/m.53748.jpg,Apatite (Апатит) ,Mazhu Kozhu (Мажу Кожу),male
540,https://www.fragrantica.com/perfume/Al-Battash-Luxury/Hamdan-39843.html,https://fimgs.net/mdimg/perfume/m.39843.jpg,Hamdan ,Al Battash Luxury,male
541,https://www.fragrantica.com/perfume/SUES-SKIND/Extreme-Wood-50132.html,https://fimgs.net/mdimg/perfume/m.50132.jpg,Extreme Wood ,SÜS-SKÏND,male
542,https://www.fragrantica.com/perfume/SP-Parfums-Sven-Pritzkoleit/Lignum-Vitae-Forte-38110.html,https://fimgs.net/mdimg/perfume/m.38110.jpg,Lignum Vitae Forte ,SP Parfums Sven Pritzkoleit,male
543,https://www.fragrantica.com/perfume/Abdul-Karim-Al-Faransi/Mukhallat-Thai-Zone-42373.html,https://fimgs.net/mdimg/perfume/m.42373.jpg,Mukhallat Thai-Zone ,Abdul Karim Al Faransi,male
544,https://www.fragrantica.com/perfume/Monaco-Parfums/Monaco-Parfums-L-Eau-Azur-41711.html,https://fimgs.net/mdimg/perfume/m.41711.jpg,Monaco Parfums L'Eau Azur ,Monaco Parfums,male
545,https://www.fragrantica.com/perfume/Note-Fragrances/Cypress-White-Cedar-37679.html,https://fimgs.net/mdimg/perfume/m.37679.jpg,Cypress White Cedar ,Note Fragrances,male
546,https://www.fragrantica.com/perfume/s-Oliver/Tropical-Trees-37190.html,https://fimgs.net/mdimg/perfume/m.37190.jpg,Tropical Trees ,s.Oliver,male
547,https://www.fragrantica.com/perfume/All-Good-Scents/Vetiver-42492.html,https://fimgs.net/mdimg/perfume/m.42492.jpg,Vetiver ,All Good Scents,male
548,https://www.fragrantica.com/perfume/Panos-Emporio/Le-Grand-Bleu-41120.html,https://fimgs.net/mdimg/perfume/m.41120.jpg,Le Grand Bleu ,Panos Emporio,male
549,https://www.fragrantica.com/perfume/Bic/DOT-Collection-8-40037.html,https://fimgs.net/mdimg/perfume/m.40037.jpg,DOT Collection 8 ,Bic,male
550,https://www.fragrantica.com/perfume/Little-Marcel/Mister-Marcel-42107.html,https://fimgs.net/mdimg/perfume/m.42107.jpg,Mister Marcel ,Little Marcel,male
551,https://www.fragrantica.com/perfume/Tom-Tailor/Tom-Tailor-Beach-Club-Man-36408.html,https://fimgs.net/mdimg/perfume/m.36408.jpg,Tom Tailor Beach Club Man ,Tom Tailor,male
552,https://www.fragrantica.com/perfume/Pierre-Alexander/Secrets-Per-Homme-63040.html,https://fimgs.net/mdimg/perfume/m.63040.jpg,Secrets Per Homme ,Pierre Alexander,male
553,https://www.fragrantica.com/perfume/Mazhu-Kozhu-Mazu-Kozu/Tourmaline-Turmalin-53753.html,https://fimgs.net/mdimg/perfume/m.53753.jpg,Tourmaline (Турмалин) ,Mazhu Kozhu (Мажу Кожу),male
554,https://www.fragrantica.com/perfume/Tru-Fragrances/Oil-Can-Hancock-s-Cool-Power-50249.html,https://fimgs.net/mdimg/perfume/m.50249.jpg,Oil Can Hancock's Cool Power ,Tru Fragrances,male
555,https://www.fragrantica.com/perfume/Junaid-Jamshed/Majmua-e-Kamil-41922.html,https://fimgs.net/mdimg/perfume/m.41922.jpg,Majmua-e-Kamil ,Junaid Jamshed,male
556,https://www.fragrantica.com/perfume/Bench/Bench-24-Hour-Life-Remixed-for-Him-41038.html,https://fimgs.net/mdimg/perfume/m.41038.jpg,Bench 24 Hour Life Remixed for Him ,Bench.,male
557,https://www.fragrantica.com/perfume/Fulton-Roark/Ltd-Reserve-No-02-Escalante-39943.html,https://fimgs.net/mdimg/perfume/m.39943.jpg,Ltd Reserve No 02 Escalante ,Fulton & Roark,male
558,https://www.fragrantica.com/perfume/Springfield/Urban-Tribal-for-Him-38994.html,https://fimgs.net/mdimg/perfume/m.38994.jpg,Urban Tribal for Him ,Springfield,male
559,https://www.fragrantica.com/perfume/Jequiti/Champs-Velocite-38811.html,https://fimgs.net/mdimg/perfume/m.38811.jpg,Champs Velocite ,Jequiti,male
560,https://www.fragrantica.com/perfume/Ulric-de-Varens/City-London-for-Men-38670.html,https://fimgs.net/mdimg/perfume/m.38670.jpg,City London for Men ,Ulric de Varens,male
561,https://www.fragrantica.com/perfume/AK-France/Sevan-38379.html,https://fimgs.net/mdimg/perfume/m.38379.jpg,Sevan ,AK France,male
562,https://www.fragrantica.com/perfume/Ulric-de-Varens/City-New-York-for-Men-38672.html,https://fimgs.net/mdimg/perfume/m.38672.jpg,City New York for Men ,Ulric de Varens,male
563,https://www.fragrantica.com/perfume/Dans-un-Jardin/Uomo-Di-Sicilia-42751.html,https://fimgs.net/mdimg/perfume/m.42751.jpg,Uomo Di Sicilia ,Dans un Jardin,male
564,https://www.fragrantica.com/perfume/Junaid-Jamshed/Classic-41904.html,https://fimgs.net/mdimg/perfume/m.41904.jpg,Classic ,Junaid Jamshed,male
565,https://www.fragrantica.com/perfume/Samourai/Light-Diamond-98818.html,https://fimgs.net/mdimg/perfume/m.98818.jpg,Light Diamond ,Samouraï,male
566,https://www.fragrantica.com/perfume/Samourai/Gold-Label-98811.html,https://fimgs.net/mdimg/perfume/m.98811.jpg,Gold Label ,Samouraï,male
567,https://www.fragrantica.com/perfume/The-Dua-Brand/An-Evening-With-The-Mobster-85760.html,https://fimgs.net/mdimg/perfume/m.85760.jpg,An Evening With The Mobster ,The Dua Brand,male
568,https://www.fragrantica.com/perfume/Whiff/Viridian-74145.html,https://fimgs.net/mdimg/perfume/m.74145.jpg,Viridian ,Whíff,male
569,https://www.fragrantica.com/perfume/Abelha-Rainha/Hero-61354.html,https://fimgs.net/mdimg/perfume/m.61354.jpg,Hero ,Abelha Rainha,male
570,https://www.fragrantica.com/perfume/All-Your-Personal-Aroma/Oudilicious-Love-Cologne-For-Gods-56926.html,https://fimgs.net/mdimg/perfume/m.56926.jpg,Oudilicious (Love Cologne For Gods) ,All Your Personal Aroma,male
571,https://www.fragrantica.com/perfume/Vivant/Noble-Oud-43943.html,https://fimgs.net/mdimg/perfume/m.43943.jpg,Noble Oud ,Vivant,male
572,https://www.fragrantica.com/perfume/Al-Battash-Luxury/Le-Sage-39842.html,https://fimgs.net/mdimg/perfume/m.39842.jpg,Le Sage ,Al Battash Luxury,male
573,https://www.fragrantica.com/perfume/IKKS/IKKS-Young-Man-Brazil-39075.html,https://fimgs.net/mdimg/perfume/m.39075.jpg,IKKS Young Man Brazil ,IKKS,male
574,https://www.fragrantica.com/perfume/AK-France/VL-P-No-1-38376.html,https://fimgs.net/mdimg/perfume/m.38376.jpg,VL.P No.1 ,AK France,male
575,https://www.fragrantica.com/perfume/Flamboyant/Party-in-the-Night-40650.html,https://fimgs.net/mdimg/perfume/m.40650.jpg,Party in the Night ,Flamboyant,male
576,https://www.fragrantica.com/perfume/Friendly-Hunting/Eyes-of-Marrakesh-45472.html,https://fimgs.net/mdimg/perfume/m.45472.jpg,Eyes of Marrakesh ,Friendly Hunting,male
577,https://www.fragrantica.com/perfume/Louis-Cardin/Lumination-43126.html,https://fimgs.net/mdimg/perfume/m.43126.jpg,Lumination ,Louis Cardin,male
578,https://www.fragrantica.com/perfume/Jequiti/Fontainebleau-Orange-43022.html,https://fimgs.net/mdimg/perfume/m.43022.jpg,Fontainebleau Orange ,Jequiti,male
579,https://www.fragrantica.com/perfume/Comptoir-Cologne/Mandarine-Sanguine-42833.html,https://fimgs.net/mdimg/perfume/m.42833.jpg,Mandarine Sanguine ,Comptoir Cologne,male
580,https://www.fragrantica.com/perfume/Abdul-Karim-Al-Faransi/Oud-Borneo-42339.html,https://fimgs.net/mdimg/perfume/m.42339.jpg,Oud Borneo ,Abdul Karim Al Faransi,male
581,https://www.fragrantica.com/perfume/Antonio-Rossini/Dolce-Vita-40847.html,https://fimgs.net/mdimg/perfume/m.40847.jpg,Dolce Vita ,Antonio Rossini,male
582,https://www.fragrantica.com/perfume/Esprit/Life-by-Esprit-Night-Lights-Man-40853.html,https://fimgs.net/mdimg/perfume/m.40853.jpg,Life by Esprit Night Lights Man ,Esprit,male
583,https://www.fragrantica.com/perfume/Antonio-Rossini/Life-Style-40846.html,https://fimgs.net/mdimg/perfume/m.40846.jpg,Life Style ,Antonio Rossini,male
584,https://www.fragrantica.com/perfume/Odorata/Absoluto-Extreme-71399.html,https://fimgs.net/mdimg/perfume/m.71399.jpg,Absoluto Extreme ,Odorata,male
585,https://www.fragrantica.com/perfume/Christian-Richard/Rich-Blend-Intense-For-Men-65542.html,https://fimgs.net/mdimg/perfume/m.65542.jpg,Rich Blend Intense For Men ,Christian Richard,male
586,https://www.fragrantica.com/perfume/V76-by-Vaughn/Blue-Cedar-42703.html,https://fimgs.net/mdimg/perfume/m.42703.jpg,Blue Cedar ,V76 by Vaughn,male
587,https://www.fragrantica.com/perfume/Jequiti/Force-2-0-41913.html,https://fimgs.net/mdimg/perfume/m.41913.jpg,Force 2.0 ,Jequiti,male
588,https://www.fragrantica.com/perfume/Fiorucci/Fiorucci-Gold-Lions-38087.html,https://fimgs.net/mdimg/perfume/m.38087.jpg,Fiorucci Gold Lions ,Fiorucci,male
589,https://www.fragrantica.com/perfume/Peter-Jacobs-Parfum/Imperial-Black-42999.html,https://fimgs.net/mdimg/perfume/m.42999.jpg,Imperial Black ,Peter Jacobs Parfum,male
590,https://www.fragrantica.com/perfume/Odorata/Lord-71381.html,https://fimgs.net/mdimg/perfume/m.71381.jpg,Lord ,Odorata,male
591,https://www.fragrantica.com/perfume/Puma/Rock-The-Beat-48733.html,https://fimgs.net/mdimg/perfume/m.48733.jpg,Rock The Beat ,Puma,male
592,https://www.fragrantica.com/perfume/Jequiti/Abyssal-Homem-Energy-43528.html,https://fimgs.net/mdimg/perfume/m.43528.jpg,Abyssal Homem Energy ,Jequiti,male
593,https://www.fragrantica.com/perfume/Jequiti/Fontainebleau-Indigo-43021.html,https://fimgs.net/mdimg/perfume/m.43021.jpg,Fontainebleau Indigo ,Jequiti,male
594,https://www.fragrantica.com/perfume/Teana/Ya-for-Him-No-1-42089.html,https://fimgs.net/mdimg/perfume/m.42089.jpg,Ya for Him No. 1 ,Teana,male
595,https://www.fragrantica.com/perfume/Roberto-Geissini/Roberto-Geissini-Masculine-38555.html,https://fimgs.net/mdimg/perfume/m.38555.jpg,Roberto Geissini Masculine ,Roberto Geissini,male
596,https://www.fragrantica.com/perfume/Compagnie-de-Provence/Grooming-42368.html,https://fimgs.net/mdimg/perfume/m.42368.jpg,Grooming ,Compagnie de Provence,male
597,https://www.fragrantica.com/perfume/Tufi-Duek/Forum-Night-Man-41482.html,https://fimgs.net/mdimg/perfume/m.41482.jpg,Forum Night Man ,Tufi Duek,male
598,https://www.fragrantica.com/perfume/Ghandour/Scent-of-Africa-for-Man-42020.html,https://fimgs.net/mdimg/perfume/m.42020.jpg,Scent of Africa for Man ,Ghandour,male
599,https://www.fragrantica.com/perfume/The-Dua-Brand/Wahid-86833.html,https://fimgs.net/mdimg/perfume/m.86833.jpg,Wahid ,The Dua Brand,male
600,https://www.fragrantica.com/perfume/Blosson-Ville/Nexxos-73849.html,https://fimgs.net/mdimg/perfume/m.73849.jpg,Nexxos ,Blosson Ville,male
601,https://www.fragrantica.com/perfume/Innisfree/Golden-Sunset-68177.html,https://fimgs.net/mdimg/perfume/m.68177.jpg,Golden Sunset ,Innisfree,male
602,https://www.fragrantica.com/perfume/Puma/Run-The-World-48732.html,https://fimgs.net/mdimg/perfume/m.48732.jpg,Run The World ,Puma,male
603,https://www.fragrantica.com/perfume/Bunkface/Revolution-38708.html,https://fimgs.net/mdimg/perfume/m.38708.jpg,Revolution ,Bunkface,male
604,https://www.fragrantica.com/perfume/ASAMA-Perfumes/Blue-Marlin-38577.html,https://fimgs.net/mdimg/perfume/m.38577.jpg,Blue Marlin ,ASAMA Perfumes,male
605,https://www.fragrantica.com/perfume/Washington-Tremlett/The-Gentleman-s-Vetiver-38041.html,https://fimgs.net/mdimg/perfume/m.38041.jpg,The Gentleman's Vetiver ,Washington Tremlett,male
606,https://www.fragrantica.com/perfume/Stato-d-Animo/Audace-73436.html,https://fimgs.net/mdimg/perfume/m.73436.jpg,Audace ,Stato d'Animo,male
607,https://www.fragrantica.com/perfume/Stato-d-Animo/Eccentrico-73435.html,https://fimgs.net/mdimg/perfume/m.73435.jpg,Eccentrico ,Stato d'Animo,male
608,https://www.fragrantica.com/perfume/VS/Front-109271.html,https://fimgs.net/mdimg/perfume/m.109271.jpg,Front ,VS,male
