name,brand,description
Madame Isabelle,La Rive,"A citrus breeze sweeps across an old stone villa in Provence. Madame Isabelle opens with sunlit oranges and bergamot, inviting you into its rose-jasmine heart like a forgotten love letter hidden in lace drawers. The mossy sandalwood base lingers like the memory of a summer you once lived—perhaps in another life."
Royal Marina Rubis,Princesse Marina De Bourbon,"She walks the palace gardens at sunrise, fingers brushing velvet petals still soaked in dew. Guava and lemon sparkle like jewels atop a lush bouquet of peony, mimosa, and jasmine. Beneath it all, amber and sandalwood whisper of silk gowns and whispered secrets. Royal Marina Rubis is courtly luxury with a rebellious wink."
Senso,Emanuel Ungaro,"The curtain lifts: red velvet, warm footlights, a cloud of stage powder. Senso is theatrical from the start—plum and grapefruit command the spotlight, followed by a bold heart of carnation, tuberose, and damask rose. As the final act closes on opoponax and amber, applause is inevitable. 4. Yves Saint Laurent Pour Homme Crisp lemon and lavender shave foam on a clean jaw. A sprig of rosemary tucked behind an ear. YSL Pour Homme is barbershop nostalgia and Mediterranean ease. Brazilian rosewood and cedar balance citrusy brightness with old-school charm. A scent for men who iron their shirts but roll up the sleeves."
Black Opium Nuit Blanche,Yves Saint Laurent,"It’s midnight in a neon-lit city. She sips bitter espresso as caramel melts into steamed milk. Nuit Blanche opens with a strange shimmer—rice and bourbon pepper—before plunging into orange blossom and peony, all anchored by a creamy, musky base. This isn’t nightlife—it’s the dream you have about nightlife."
White Diamonds Lustre,Elizabeth Taylor,"A glimmer of chandelier light, the rustle of silk gloves. White Diamonds Lustre captures the grace of a bygone era. Raspberry and mandarin twinkle like champagne bubbles, jasmine and narcissus bloom with vintage grandeur, and sandalwood grounds it all in classic femininity. Old Hollywood bottled."
Ambre Café,Mine Perfume Lab,"The moment the café opens, before the first cup is poured. A veil of rose hangs in the steam, cut with freshly pulled espresso. Ambre Café is floral, yes—but it carries a sharp intellect. Vanilla and white musk ground the scent in warmth, while amber flickers like low morning light across marble counters."
Speed Man,O Boticário,"You pull off the track helmet, heart pounding. Grapefruit and bergamot rush forward like a split-second decision. Speed Man is adrenaline—anise and nutmeg sharpened by ozone and cedar. Somewhere underneath it all: the cool confidence of patchouli, the quiet hum of musk. A cologne for the finish line."
"Quizás, Quizás, Quizás Eau de Toilette",Loewe,"It starts with a smile across the room—red berries and cassia flutter like a flirtatious laugh. But this scent deepens quickly: jasmine and Bulgarian rose bring intimacy, while honey and amber stir slow-burning intrigue. Quizás isn’t a maybe—it’s a challenge."
Epic 56 Woman,Amouage,"In a hidden chamber of an ancient desert temple, incense burns beside rose water in carved stone basins. Epic 56 opens with spice—cumin and pink pepper—and glows with jasmine tea and damask rose. The dry down is an altar of olibanum, oud, and patchouli. This isn’t a perfume. It’s a relic."
Musk Mood,Lattafa Perfumes,"A cloud of soft musk hovers in the stillness of a freshly cleaned home, where sunlight touches white curtains and everything smells new. Delicate citrus and florals open the air, but it's the powdery sweetness—like freshly laundered linen kissed with vanilla—that lingers long after. Musk Mood is the scent of reset, of clarity, of a life just beginning."
Aoud Purple Rose,Montale,"The scent hits like a royal decree: rose, but darker. Oud smolders at the base, coiling upward like incense in a desert palace. Saffron flickers at the edges, and violet lends a shadowy velvet. Aoud Purple Rose isn’t delicate—it’s ceremonial, opulent, and just a bit dangerous. The kind of rose you don’t pick—you bow to."
Pacific Rock Moss,Goldfield & Banks Australia,"There’s a wind that rolls off the cliffs along the Pacific—briny, mineral-rich, touched with citrus and sunburnt greenery. Pacific Rock Moss captures it in a bottle. Grapefruit and sage ride a wave of salt and ambergris, crisp as sea foam. It’s not a beach vacation—it’s the raw ocean at full breath."
Eilish,Billie Eilish,"The sweetness hits first: sugar-dusted berries and vanilla. But stay a moment longer, and you’ll find amber curling beneath it, like candlelight caught in syrup. Eilish is the scent of a warm hoodie, of late-night confessions whispered on the floor, of feeling known without having to explain. Intimate, edible, and softly bold. 15. Costume National Homme Parfum A lean shadow slips through a Tokyo alley at 2am, leaving behind a trace of spicy cinnamon and dry citrus. Homme Parfum opens sharp, then turns inward—sandalwood, musk, and clove unfolding like a leather jacket creased at the elbows. This isn’t a cologne. It’s a noir protagonist."
Light Blue Forever Pour Homme,Dolce & Gabbana,"This is summer, accelerated. Grapefruit bursts like a cannonball into chlorinated air, followed by vetiver and ozonic wood. Light Blue Forever smells like bare skin after a swim, like sunlight through car windows, like a race down the coast with the top down. Loud, alive, unapologetically fresh."
Vanille Fatale,Tom Ford,"Not your average vanilla. This one walks in wearing boots. Rum and myrrh warm the opening like firelight, while tobacco and suede trail behind like unfinished sentences. Vanille Fatale is danger swirled in syrup—decadent, unshaken, unbothered. A dessert served with a dagger."
By the Fireplace,Maison Martin Margiela,"Woodsmoke curls into the air as snow presses against frosted glass. Chestnuts roast in a hush. By the Fireplace wraps you in warmth—clove and pink pepper sparking over creamy vanilla and smoldering woods. It’s comfort with an edge, like a memory softened by time but still glowing at the core."
212 VIP Rosé,Carolina Herrera,"The velvet rope swings open. Champagne bubbles in your glass, laughter sparkles louder than the chandeliers. 212 VIP Rosé is all pop and fizz: peach blossom, rose, and a crisp touch of woods. Sweet but sleek. Flirty, but with a headline. The scent of being exactly where you need to be."
Gris Charnel,BDK Parfums,"Two strangers meet in the stacks of a forgotten library. Fig and black tea linger on their fingertips as sandalwood and tonka coil around them. Gris Charnel is shadow and skin, ink and memory. Earthy yet addictive, it’s the scent of a story not yet written—but already impossible to forget."
Vaara,Penhaligon's,"A golden garden blooms behind palace walls. Vaara begins with rosewater, saffron, and carrot seed—delicate yet strange, like a dessert made for royalty. Peony and magnolia swirl into a base of honey and white musk, soft as a whisper in a marble corridor. This is the scent of a faraway kingdom, remembered through spice and bloom."
"302 Amber, Iris, Sandalwood",Bon Parfumeur,"Imagine the library of a long-extinct civilization: amber scrolls, powder-dusted inkstones, sandalwood smoke curling from an unseen censer. 302 is dusty elegance—red berries and incense atop vanilla-drenched iris. A scent for philosophers, archivists, and secret romantics."
Wonder Flower,Oriflame,"You trip and fall into a pastel dream. Goji berries and almond blossom sparkle like glittered sunlight over jasmine and violet. Wonder Flower is giddy and synthetic in the best way—like a candy wrapper caught in a breeze, like giggling on a ferris wheel. It's not grounded—and it doesn't want to be."
Oud Wood Intense,Tom Ford,"There’s danger in the silence. Oud Wood Intense walks in with leather gloves and doesn’t bother taking them off. Smoldering with oud, castoreum, and smoky incense, it’s less a scent than a warning. The kind of fragrance that lingers in the air after a deal has gone wrong."
Soleil Blanc,Tom Ford,"The boat rocks gently, somewhere between Bora Bora and forgetting your name. Soleil Blanc opens with pistachio and bergamot—unexpectedly creamy—before plunging into ylang-ylang, coconut, and a warm, salty vanilla. This is not sunscreen—it’s the memory of vacation, skin-warmed and sun-kissed, bottled for indulgence."
Kouros,Yves Saint Laurent,"Ancient marble and cold chrome. Kouros is strength aged in myth: aldehydes like clean linen armor, incense and coriander in a strange metallic prayer. Musk and civet haunt the dry down like footsteps in a temple. Sacred. Sweaty. Powerful. Not for the faint of heart."
Musk Khabib,Lattafa Perfumes,"A quiet snowfall in a spotless city. White musk floats through air that smells of cotton and chilled rose. Beneath it, faint woods and sugar crystals catch the light. Musk Khabib isn’t dramatic—it’s a hush, a pause, a breath before everything changes."
Legend Spirit,Montblanc,"Waking up before the world does. Grapefruit and cardamom stretch into lavender and woods, cool and sharp as mountain air. Legend Spirit is freshly shaven cheekbones, a white shirt in morning sun, the crisp inhale of ""I'm ready."" Clean without being boring. Confident without being loud."
Rose Rouge,Van Cleef & Arpels,"The rose here is velvet-draped and slow-moving. Raspberry and pink pepper flirt on the surface, but patchouli and cacao root it in shadow. Rose Rouge is like a red dress on the verge of falling off—too elegant to be careless, too sultry to be safe."
Y,Yves Saint Laurent Eau de Parfum,"Imagine falling through a sky made of glass and light. Y opens bright with apple and ginger, but it’s the sage and woods beneath that give it altitude. Clean, dynamic, and relentless, this is the scent of motion—always ascending, always becoming."
Ani,Nishane,"A storm brews behind a lemon grove. Ani opens with bergamot and blackcurrant—sharp, immediate, like words said too fast. But give it time, and a lush vanilla rises, wrapped in sandalwood and benzoin, like forgiveness after fury. This scent wears like a reconciliation: bold, tender, unforgettable."
Incense Avignon,Comme des Garçons,"A cathedral at dusk. Incense Avignon smells like stone and ritual, of candle wax dripped over ancient wood. Chamomile and frankincense hover in silence; patchouli anchors the void. This isn’t a perfume—it’s reverence. It doesn’t bloom. It resounds."
La Vie Est Belle,Lancôme,"Joy, if it were a dessert cart. La Vie Est Belle leads with spun sugar and blackcurrant, trailing iris and orange blossom like laughter behind a smiling face. Patchouli keeps things grounded—but just barely. It's effervescent, optimistic, and sincere. The kind of scent that waves back at strangers."
Vétiver Extraordinaire,Frédéric Malle,"There’s a blade of green so crisp it cuts the air. Vetiver Extraordinaire doesn’t whisper—it declares. Bitter orange and pink pepper start the charge, but vetiver rules with smoky roots and dry resolve. It’s not clean. It’s clarified. Like honesty in a world of half-truths."
Herod,Parfums de Marly,"The smoke curls from an old tavern pipe. Herod begins in firelight—cinnamon and tobacco leaf glowing warm—before spilling into vanilla and a shadow of incense. It’s rich, honeyed, and oddly gentle. A hug in a worn leather coat."
Aqua Allegoria Mandarine Basilic,Guerlain,"A citrus orchard on a breezy hill, leaves fluttering like little green flags. Mandarine Basilic is sunshine incarnate—mandarin, basil, and orange blossom fizzing like laughter over iced tea. It vanishes too soon. But that’s the point. It feels like a day off."
B683,Marc-Antoine Barrois,"You’re lost in a forest made of leather and fire. B683 is a primal blueprint: cumin and saffron give way to oud and woods, like warm skin wrapped in shadow. There’s a comet trail of labdanum behind it—sweet, sticky, inevitable. It smells like a secret that keeps itself."
Clean Reserve Skin,Clean,"The softest thing isn’t fabric. It’s this: Skin opens with musk, praline, and salt, barely there but deeply intimate. It doesn’t project—it lingers, like the echo of warmth where someone used to be. It’s not a fragrance for the world. It’s for the person close enough to hold you."
Casablanca,Swiss Arabian,"Gold foil peeled back from caramelized fruit. Casablanca opens with apple and grape but quickly deepens into suede and amber—sticky, rich, and shadowed by musk. It smells like opulence bought with secrets. Like luxury that knows what it cost."
L’Ombre Dans L’Eau,Diptyque,"You’re kneeling in a garden after rain. Blackcurrant leaves and crushed rose rise from the earth, wet and wild. L’Ombre Dans L’Eau isn’t pretty—it’s poetic. It speaks in thorns and chlorophyll, in the moment before beauty decides what it wants to be."
Encre Noire,Lalique,"Imagine a rainy forest at midnight. Encre Noire is damp vetiver, inky cypress, and soft smoke coiling up from the soil. It’s not perfume—it’s topography. A map traced by shadow and root. It doesn’t follow you. It haunts you."
Delina,Parfums de Marly,"If a porcelain ballerina could blush. Delina opens with rhubarb and lychee—bright, tart, almost teasing—before blooming into Turkish rose and vanilla musk. It’s both dainty and dramatic. The scent of a silk glove hiding sharp nails."
Aventus,Creed,"Power, distilled. Aventus explodes with pineapple and blackcurrant, fading into smoky birch and oakmoss. It's not about sweetness—it's about conquest. The trail it leaves isn't just scent. It's legacy."
Cuir Beluga,Guerlain,"Cashmere turned to scent. Cuir Beluga opens soft and plush—vanilla, suede, and heliotrope like a whispered lullaby. There’s no aggression, no drama—just the sound of a sigh into fur, and the feel of being safe."
Infusion d’Iris,Prada,"This is not a flower. It’s a philosophy. Infusion d’Iris smells like porcelain and freshly pressed linen, like iris crushed under glass. It floats—soapy, woody, remote. A scent for those who iron their thoughts and fold them into perfect corners."
Black Phantom,Kilian,"A pirate’s dessert. Black Phantom begins with rum-soaked coffee beans and caramel-slicked almonds, then plunges into vetiver and cyanide-like bitterness. It’s sweet and sinister, like a poisoned truffle. Wear it when you’re smiling but lying. 47. Memo Irish Leather Galloping across dewy fields at dawn. Irish Leather opens green and sharp—juniper, clover, and cold air—before the leather kicks in: dry, animalic, alive. It smells like speed. Like something beautiful you can’t catch."
Portrait of a Lady,Frédéric Malle,"This rose has teeth. Portrait of a Lady doesn’t bloom—it unfurls with a storm of clove, incense, and blackcurrant. Patchouli runs beneath like velvet torn in a hurry. It’s not a portrait. It’s a rebellion framed in gold."
Light Blue,Dolce & Gabbana,"A kiss of sea breeze and green apple in a sundress. Light Blue is flirtation in daylight: crisp, citrusy, sparkling. Nothing complicated—just joy caught in a spritz. The scent of warm shoulders and laughing too loudly."
Interlude Man,Amouage,"An explosion in a spice market. Interlude Man opens with oregano and incense like chaos on fire, but under the ashes lies amber and oud—calm, smoldering, inevitable. It’s war turned ritual. Smoke that sanctifies."
Baccarat Rouge 540,Maison Francis Kurkdjian,"A flame behind frosted glass. Baccarat Rouge 540 shimmers with saffron and ambergris, sweet but distant, like burnt sugar carried on a winter wind. It’s translucent, surreal—less scent, more aura. You wear it like a mirage."
Amethyst,Lalique,"A forest clearing tangled with berries. Amethyst opens with blackberry and blackcurrant, bursting bright, before violet leaf and musk turn it soft and moody. It’s the scent of a fairy tale paused mid-chapter, sweet and a little shadowed."
Noir de Noir,Tom Ford,"A rose made for moonlight. Noir de Noir is truffled and gothic—patchouli, oud, and a spiced red bloom blooming in secret. It's less a fragrance and more a slow waltz in velvet gloves. Elegant, yes—but only if danger is invited."
Chrome,Azzaro,"Clean in the sharpest sense. Chrome is metallic citrus over cold water—like diving into a glacier-fed lake on purpose. It’s engineered for clarity, for motion, for cool skin. The scent of someone who never forgets their watch."
Tobacco Vanille,Tom Ford,"Imagine a humidor tucked behind a patisserie. Tobacco Vanille blends rich pipe tobacco with a honeyed wave of vanilla, clove, and cocoa. Sweet, but never juvenile—this is dessert for adults who talk in low voices and finish the wine."
Chance Eau Tendre,Chanel,Like opening a curtain on a spring morning. Eau Tendre is delicate grapefruit and quince kissed with jasmine and white musk. It’s sheer and luminous—less a scent than a suggestion. A shrug of light silk over bare skin.
Reflection Man,Amouage,"A mirror that smells like a garden. Reflection Man is pristine neroli and jasmine laid over creamy sandalwood and musk. It’s floral, but polished—elegance sculpted from scent. Like a tailored suit made of petals."
Dzing!,L’Artisan Parfumeur,"The circus, bottled. Dzing! is all leather harnesses and paper popcorn bags, sawdust and elephant musk. There’s vanilla, but it’s weird. There’s sweetness, but it’s feral. It’s joy with a kink. Whimsical. Unsettling. Completely unforgettable."
Gypsy Water,Byredo,"Ash and campfire meet lemon and pine. Gypsy Water is the nomad’s trail: hazy, earthy, and free. Juniper and vanilla soften the road dust, making this smell less like a destination, more like a memory half-recalled around a flame."
Coco Mademoiselle,Chanel,"A silk scarf with sharp edges. Coco Mademoiselle is citrus and patchouli dressed in pearls—sweet, but crisp; floral, but ambitious. It enters a room before you do, then sits perfectly still while everyone else leans in."
Ombré Leather,Tom Ford,"This isn’t the inside of a jacket—it’s the memory of one. Ombré Leather opens with a whip of cardamom and rides into jasmine-slicked suede. It’s dry, smoky, and quietly magnetic. You don’t wear it to stand out. You wear it because you don’t need to try."
Idôle,Lancôme,"Roses behind frosted glass. Idôle is bright, sheer, and modern—a pink petal soaked in pear juice, layered with jasmine and clean musk. It’s the scent of ambition delivered gently, a pressurized bottle of optimism and polish."
Sauvage,Dior,"Cracked desert heat and glinting metal. Sauvage is peppery and ambroxan-heavy, buzzing like static in dry air. It’s not wilderness—it’s cinematic wilderness. A cologne made to play at full volume."
Shalimar,Guerlain,"Opium for romantics. Shalimar opens with citrus and powder, then dives into smoke and vanilla like silk slipping off skin. It's perfume with a capital P—mysterious, sensual, and proudly from another century. It smells like a story someone dared to finish."
Salt,Ellis Brooklyn,"Sunburnt shoulders. Salt is skin warmed by salt air and musks, bleached and beckoning. Tropical, but quiet. It doesn’t try to impress—it lingers like a good tan, golden and slow-fading."
Fleur Narcotique,Ex Nihilo,"Champagne over ice. Fleur Narcotique is lychee and peony fizzing on skin, with clean woods underneath. It's high-gloss and flirty but never loud—a smile you can’t quite place. The kind of perfume that makes you feel more expensive than you are."
Tam Dao,Diptyque,"A Buddhist temple somewhere above the clouds. Tam Dao smells of sacred sandalwood, dried roses, and skin just out of meditation. It’s not cold or warm—it’s still. The scent of peace, and perhaps, acceptance."
Armani Code,Giorgio Armani,"Black silk and cufflinks. Armani Code is sweet orange in a dark suit, soft leather and tonka bean in dim light. It’s classic seduction: smooth, simple, rehearsed—but somehow, it still works every time."
Angel,Mugler,"Candy dropped into a black hole. Angel is patchouli wrapped in caramel and chocolate, sweet to the point of defiance. It’s loud, unapologetic, and borderline alien. Like a circus on a spaceship. You either love it or remember the one who did."
Bois d’Argent,Dior,"A cathedral made of fog. Bois d’Argent whispers iris and incense into suede and amber—soft, elusive, impossible to hate. It’s grace in scent form. What a priest might wear if he believed in poetry."
Cedrat Boise,Mancera,"Like a lemon tree casting shade over a worn leather journal. Cedrat Boise opens with tart citrus and juicy blackcurrant, but quickly settles into a base of sandalwood and vanilla—clean, creamy, confident. A fragrance for the wanderer who still brings a pen."
Rose 31,Le Labo,"This isn’t a rose in bloom—it’s one trampled under boot, then swept into incense smoke. Rose 31 is spicy, dry, and shadowed with cumin. Unpolished, unpretty. A flower that doesn’t want to be liked—just respected."
Olympia,Paco Rabanne,"Salted caramel draped in jasmine. Olympia is sweet and radiant, with a touch of sea breeze and warmth—like a goddess lounging on a sun-drenched pier. It’s not a marine fragrance. It’s Olympian skin."
Eau Sauvage,Dior,"A splash of vintage charm. Eau Sauvage is lemon zest and basil on white cotton shirts—crisp, a little green, forever clean. It smells like grace before the internet. Timeless without needing to try."
Musc Ravageur,Frédéric Malle,"This isn’t musk—it’s seduction at its most primal. Musc Ravageur crashes in with cinnamon and clove, then purrs with vanilla and amber. It’s not for the faint of heart. It’s for the faint of restraint."
Philosykos,Diptyque,"You’re barefoot under a fig tree, the bark still warm from the sun. Philosykos captures leaves, fruit, sap, and skin—all in a single breath. It’s not fruity. It’s alive."
Black Orchid,Tom Ford,"Gothic glam in a glass bottle. Black Orchid is truffle and plum on a backdrop of incense, patchouli, and velvet-draped florals. Rich, strange, unforgettable. The scent equivalent of a villain with better lines than the hero."
Pure XS,Paco Rabanne,"Popcorn and ginger. Pure XS is sugar-coated lust: boozy myrrh, spiced vanilla, and leather wrapped in gold chains. A hot mess you can’t help but watch. It smells like excess—and that’s the point."
L’Eau d’Issey,Issey Miyake,"A drop of water turning into glass. L’Eau d’Issey is cool lotus, crisp citrus, and clean musk—minimalist to the core. It smells like white space and silver lines. If quiet had a temperature, it would smell like this."
Velvet Orchid,Tom Ford,"This orchid wears lipstick. Velvet Orchid is smoother than its Black sibling—honey, rum, and florals over creamy sandalwood. Rich but polished. The diva after rehearsal, robe on, perfume still loud."
Molecule 01,Escentric Molecules,"You won’t smell it. Until you do. Molecule 01 is ISO E Super—clean, woody, and somehow alive on skin. Like someone brushing past in slow motion. A scent that’s more of a presence than a perfume."
La Nuit Trésor,Lancôme,"Velvet in a blackout. La Nuit Trésor is rose dipped in praline, raspberry, and patchouli, glowing under a curtain of incense. It's seductive and syrupy—like midnight kisses behind velvet ropes."
Terre d’Hermès,Hermès,"Crushed orange peels in a pocket full of flint. Terre d’Hermès is elemental: citrus struck by vetiver and minerals. It’s fire meeting soil, intention meeting instinct. The scent of a handshake with gravity."
Libre,Yves Saint Laurent,"Lavender in heels. Libre opens fresh but grows hot—orange blossom, vanilla, and musk giving lavender its swagger. It’s genderfluid elegance. Power that walks with a sway."
Fleur de Peau,Diptyque,"The smell of clean skin in a lover’s arms. Fleur de Peau is musk, iris, and aldehydes, soft and gauzy like a forgotten T-shirt on the floor. It doesn’t project—it remembers."
Scandal,Jean Paul Gaultier,"A honeybomb with heels. Scandal stomps in with blood orange, jasmine, and caramel-coated white florals. It’s sweet, loud, and unapologetic. Not so much a statement as a scream in stilettos."
Oud Satin Mood,Maison Francis Kurkdjian,"Imagine rose wrapped in satin, dipped in syrup, then smoked in oud. Oud Satin Mood is decadent, operatic, and swoon-worthy. It wears like a luxury robe that never touches the floor."
Lemon Line,Mancera,"Lemon turned maximalist. Lemon Line is sharp, sweet, and sunny—citrus dressed in white musk and lavender. A lemonade stand built from chrome and mirrors. Not subtle, but happy as hell."
Bois Imperial,Essential Parfums,"This is what a forest sounds like in a sci-fi film. Bois Imperial blends Thai basil, vetiver, and dry woods in ultra-clean layers. It’s synthetic nature, filtered and enhanced. Green, modern, unforgettable."
Alien,Mugler,"Jasmine from another galaxy. Alien is radiant, glowing, and strange—like amethyst melted into syrup. It doesn’t smell natural. It smells inevitable."
Blanche,Byredo,"Fresh laundry under fluorescent lights. Blanche is aldehydes, white musk, and soap—pristine, clinical, and strangely tender. It smells like innocence polished to a shine. Not warm, not cold—sterile intimacy."
Angel’s Share,Kilian,"The scent of golden liquor spilled on velvet. Angel’s Share is boozy cognac, spiced oak, cinnamon, and tonka bean—thick, rich, and almost edible. It’s what a fireplace would smell like if it were drinking."
L’Air du Temps,Nina Ricci,"Hope in a bottle. L’Air du Temps is carnation and peach, floating through a cloud of soap and pale powder. A post-war floral that still whispers peace. It's not modern. It's timeless because it isn't."
Hacivat,Nishane,"Pineapple in a tuxedo. Hacivat is fruity and woody, bright and polished. A chypre with swagger. It’s less tropical and more high-society brunch—served with elegance, not umbrellas."
Dark Rebel,John Varvatos,"Motor oil and leather jackets. Dark Rebel starts with rum, black pepper, and tobacco, before melting into sweet resinous woods. It’s the scent of a garage band that made it big—but never sold out."
Nirvana Black,Elizabeth and James,"A velvet cloak on bare shoulders. Nirvana Black is violet, sandalwood, and a whisper of spice—minimalist, mysterious, and quietly addictive. It smells like someone with nothing to prove and everything to hide."
Delina Exclusif,Parfums de Marly,"The original, now dipped in cream. Delina Exclusif is smoother, deeper—rose spun in vanilla, incense, and soft wood. Romantic without pretense. It doesn’t shout. It glows."
Eau de Rochas,Rochas,"A citrus fountain built in the ‘70s. Eau de Rochas is lemon, oakmoss, and herbs—sharp and mossy, like a sunbeam filtered through ferns. It doesn’t try to be sexy. It just is. 99. Juliette Has a Gun Not a Perfume Clean, dry, and stubborn. Not a Perfume is a single molecule: Cetalox. It smells like skin, paper, and air-conditioned resolve. You either don’t notice it—or can’t stop thinking about it."
Casamorati 1888 Italica,Xerjoff,A milky almond dessert wrapped in saffron lace. Italica is gourmand to its bones—like biting into hot marzipan in a velvet glo
